INSERT INTO `category_users` (`id`, `name`, `description`, `created_at`, `updated_at`) VALUES (1, 'ADMINISTRATOR', '--', NULL, NULL);

INSERT INTO `users` (`id`, `DNI`, `category_users_id`, `name`, `last_name`, `email`, `email_verified_at`, `password`, `image`, `status`, `is_admin`, `remember_token`, `created_at`, `updated_at`, `address`, `city`, `postal_code`, `phone`) VALUES (1, '47018441', NULL, 'luis', 'de la torre', 'lucast136@gmail.com', NULL, '$2y$12$0HpYYtG42T7b6Grr9PISt.N/HkDd//yLukNrOXQiqJQYcbeSMTbLm', NULL, 1, 0, NULL, '2024-10-10 02:57:26', '2024-10-10 02:57:26', 'lircay', 'lircay', 'asd', '996666783');

INSERT INTO `modules` (`id`, `name`, `description`, `created_at`, `updated_at`) VALUES (1, 'SISTEMA DE TEST DE AUTOESTIMA', 'SISTEMA DE TEST DE COOPERSMITH DE AUTOESTIMA', NULL, '2025-08-12 21:20:23');

INSERT INTO `mains` (`id`, `dependence`, `module_id`, `name`, `route`, `icon`, `created_at`, `updated_at`) VALUES (1, NULL, 1, 'Dashboard', '/', 'dashboard', '2024-10-08 05:21:35', '2024-10-08 23:55:59');
INSERT INTO `mains` (`id`, `dependence`, `module_id`, `name`, `route`, `icon`, `created_at`, `updated_at`) VALUES (2, NULL, 1, 'Configuración', '#', 'settings', '2024-10-08 05:21:54', '2024-10-08 23:55:36');
INSERT INTO `mains` (`id`, `dependence`, `module_id`, `name`, `route`, `icon`, `created_at`, `updated_at`) VALUES (3, 2, 1, 'Modulo/Menú', '/modulesMains', 'format_list_bulleted', '2024-10-08 23:57:28', '2024-10-08 23:57:28');
INSERT INTO `mains` (`id`, `dependence`, `module_id`, `name`, `route`, `icon`, `created_at`, `updated_at`) VALUES (4, 2, 1, 'Categoría/usuario', '/categoryusersroles', 'category', '2024-10-08 23:58:19', '2024-10-08 23:58:19');
INSERT INTO `mains` (`id`, `dependence`, `module_id`, `name`, `route`, `icon`, `created_at`, `updated_at`) VALUES (5, 2, 1, 'Usuarios', '/users', 'group_add', '2024-10-09 00:00:21', '2024-10-09 00:00:21');
INSERT INTO `mains` (`id`, `dependence`, `module_id`, `name`, `route`, `icon`, `created_at`, `updated_at`) VALUES (6, NULL, 1, 'Administración', '#', 'admin_panel_settings', '2025-08-12 21:59:01', '2025-08-12 21:59:01');
INSERT INTO `mains` (`id`, `dependence`, `module_id`, `name`, `route`, `icon`, `created_at`, `updated_at`) VALUES (7, 6, 1, 'Categoría Test', '/category-tests', 'category', '2025-08-12 21:59:30', '2025-08-12 21:59:30');
INSERT INTO `mains` (`id`, `dependence`, `module_id`, `name`, `route`, `icon`, `created_at`, `updated_at`) VALUES (8, 6, 1, 'Tests', '/tests', 'quiz', '2025-08-12 22:00:02', '2025-08-12 22:00:02');
INSERT INTO `mains` (`id`, `dependence`, `module_id`, `name`, `route`, `icon`, `created_at`, `updated_at`) VALUES (9, 6, 1, 'Sub Escala', '/category-questions', 'topic', '2025-08-21 13:16:43', '2025-08-21 13:16:43');
INSERT INTO `mains` (`id`, `dependence`, `module_id`, `name`, `route`, `icon`, `created_at`, `updated_at`) VALUES (10, 6, 1, 'Normas de Calificación', '/score-norms', 'score', '2025-08-21 23:15:03', '2025-08-21 23:15:03');


INSERT INTO `access_users` (`main_id`, `user_id`, `created_at`, `updated_at`) VALUES (2, 1, '2024-10-09 16:33:04', '2024-10-09 16:33:04');
INSERT INTO `access_users` (`main_id`, `user_id`, `created_at`, `updated_at`) VALUES (1, 1, '2024-10-09 21:13:08', '2024-10-09 21:13:08');
INSERT INTO `access_users` (`main_id`, `user_id`, `created_at`, `updated_at`) VALUES (5, 1, '2024-10-09 21:13:08', '2024-10-09 21:13:08');
INSERT INTO `access_users` (`main_id`, `user_id`, `created_at`, `updated_at`) VALUES (3, 1, '2024-10-09 22:10:08', '2024-10-09 22:10:08');
INSERT INTO `access_users` (`main_id`, `user_id`, `created_at`, `updated_at`) VALUES (4, 1, '2024-10-09 22:14:22', '2024-10-09 22:14:22');
INSERT INTO `access_users` (`main_id`, `user_id`, `created_at`, `updated_at`) VALUES (6, 1, '2025-08-12 22:00:13', '2025-08-12 22:00:13');
INSERT INTO `access_users` (`main_id`, `user_id`, `created_at`, `updated_at`) VALUES (7, 1, '2025-08-12 22:00:13', '2025-08-12 22:00:13');
INSERT INTO `access_users` (`main_id`, `user_id`, `created_at`, `updated_at`) VALUES (8, 1, '2025-08-12 22:00:13', '2025-08-12 22:00:13');
INSERT INTO `access_users` (`main_id`, `user_id`, `created_at`, `updated_at`) VALUES (9, 1, '2025-08-21 13:20:21', '2025-08-21 13:20:21');
INSERT INTO `access_users` (`main_id`, `user_id`, `created_at`, `updated_at`) VALUES (10, 1, '2025-08-21 23:15:16', '2025-08-21 23:15:16');



INSERT INTO `category_forms` (`id`, `name`, `description`, `user_id`, `created_at`, `updated_at`, `deleted_at`) VALUES (1, 'CATEGORIA DE PRUEBA', NULL, 1, '2025-08-14 17:15:20', '2025-08-14 17:15:20', NULL);

INSERT INTO `forms` (`id`, `category_form_id`, `name`, `description`, `status`, `published_at`, `archived_at`, `user_id`, `created_at`, `updated_at`, `deleted_at`) VALUES (1, 1, 'INSTRUMENTO COOPERSMITH’S SELF-ESTEEM INVENTORY IAE DE COOPERSMITH', NULL, 1, NULL, NULL, 1, '2025-08-14 17:16:53', '2025-08-20 20:14:17', NULL);

INSERT INTO `form_sections` (`id`,`form_id`, `title`, `description`, `order`, `user_id`, `created_at`, `updated_at`, `deleted_at`) VALUES (1,1, 'Consentimiento Informado', '<div style="text-align: justify;"><div>Estimado docente, por medio de la presente, se desea recoger información para la caracterización de la autoestima, para ello se presenta a continuación una serie de declaraciones.</div><div>Si la declaración describe cómo se siente usualmente, <b>Seleccione la Opción</b>&nbsp; en la columna debajo de la frase <b>“igual que yo”</b>&nbsp; en la hoja de respuestas.</div><div>Si la declaración no describe cómo se siente usualmente, Seleccione la Opción correspondiente en la columna debajo de la frase <b>“distinto a mí”</b> en la hoja de respuestas.</div><div>No hay respuestas correctas o incorrectas, buenas o malas. Lo que interesa es solamente conocer qué es lo que habitualmente piensa o siente.</div><div>Por ello, se desea saber si acepta Ud., participar de este estudio, el cual nos permitirá caracterizar la autoestima de los docentes de la Región de Huancavelica.&nbsp;</div></div>', 0, 1, '2025-08-18 16:35:18', '2025-08-19 21:52:56', NULL);
INSERT INTO `form_sections` (`id`,`form_id`, `title`, `description`, `order`, `user_id`, `created_at`, `updated_at`, `deleted_at`) VALUES (2,1, 'Datos del docente', '<div style="text-align: justify;">Agradecemos su participación voluntaria en este estudio, cuyo objetivo <b>es recoger información para caracterizar la autoestima de los docentes</b> en la Región de Huancavelica.</div>', 1, 1, '2025-08-20 20:16:08', '2025-08-20 21:44:22', NULL);
INSERT INTO `form_sections` (`id`,`form_id`, `title`, `description`, `order`, `user_id`, `created_at`, `updated_at`, `deleted_at`) VALUES (3,1, 'INSTRUMENTOCOOPERSMITH’S SELF-ESTEEM INVENTORYIAE DE COOPERSMITH', NULL, 2, 1, '2025-08-20 21:21:08', '2025-08-20 21:21:15', NULL);

INSERT INTO `category_questions` (`id`, `name`, `description`, `is_total_categories`, `is_scored`, `user_id`, `created_at`, `updated_at`, `deleted_at`) VALUES (1, 'Si Mismo General (GEN)', NULL, 0, 1, 1, '2025-08-14 17:50:30', '2025-08-21 13:21:44', NULL);
INSERT INTO `category_questions` (`id`, `name`, `description`, `is_total_categories`, `is_scored`, `user_id`, `created_at`, `updated_at`, `deleted_at`) VALUES (2, 'Pares (SOC)', NULL, 0, 1, 1, '2025-08-14 17:51:02', '2025-08-21 13:21:59', NULL);
INSERT INTO `category_questions` (`id`, `name`, `description`, `is_total_categories`, `is_scored`, `user_id`, `created_at`, `updated_at`, `deleted_at`) VALUES (3, 'Hogar Padres(H)', NULL, 0, 1, 1, '2025-08-14 17:56:48', '2025-08-21 13:22:24', NULL);
INSERT INTO `category_questions` (`id`, `name`, `description`, `is_total_categories`, `is_scored`, `user_id`, `created_at`, `updated_at`, `deleted_at`) VALUES (4, 'Escuela (SCH)', NULL, 0, 1, 1, '2025-08-14 18:01:08', '2025-08-21 13:22:44', NULL);
INSERT INTO `category_questions` (`id`, `name`, `description`, `is_total_categories`, `is_scored`, `user_id`, `created_at`, `updated_at`, `deleted_at`) VALUES (5, 'Escala de Mentiras', NULL, 0, 0, 1, '2025-08-21 13:27:15', '2025-09-08 17:15:39', NULL);
INSERT INTO `category_questions` (`id`, `name`, `description`, `is_total_categories`, `is_scored`, `user_id`, `created_at`, `updated_at`, `deleted_at`) VALUES (6, 'Autoestima Total', 'ESCALA DE AUTOESTIMA TOTAL', 1, 0, 1, '2025-09-08 17:15:21', '2025-09-08 17:31:19', NULL);


INSERT INTO `questions` (`category_question_id`, `form_section_id`, `type_control`, `name`, `message_error`, `order`, `is_required`, `description`, `weight`, `user_id`, `created_at`, `updated_at`, `deleted_at`) VALUES ( NULL, 1, 'checkbox', 'En caso su respuesta sea afirmativa marque el<b> Sí Acepto</b> para continuar con la encuesta.', 'Ud. Debe Aceptar para poder continuar', 1, 1, NULL, 0.00, 1, '2025-08-18 16:35:25', '2025-08-20 19:31:28', NULL);
INSERT INTO `questions` (`category_question_id`, `form_section_id`, `type_control`, `name`, `message_error`, `order`, `is_required`, `description`, `weight`, `user_id`, `created_at`, `updated_at`, `deleted_at`) VALUES ( NULL, 2, 'radio', '<div><b>RESULTADO DE EVALUACIÓN DE DOMINIO DE LA LENGUA ORIGINARIA:</b></div><div><b>Escritura:</b></div>', '', 1, 1, '', 0.00, 1, '2025-08-20 20:16:08', '2025-08-27 16:12:24', NULL);
INSERT INTO `questions` (`category_question_id`, `form_section_id`, `type_control`, `name`, `message_error`, `order`, `is_required`, `description`, `weight`, `user_id`, `created_at`, `updated_at`, `deleted_at`) VALUES ( NULL, 2, 'radio', '<div><div><b>RESULTADO DE EVALUACIÓN DE DOMINIO DE LA LENGUA ORIGINARIA:</b></div><div><b>Pronunciación:</b></div></div>', NULL, 2, 1, NULL, 0.00, 1, '2025-08-20 20:43:40', '2025-08-27 16:12:24', NULL);
INSERT INTO `questions` (`category_question_id`, `form_section_id`, `type_control`, `name`, `message_error`, `order`, `is_required`, `description`, `weight`, `user_id`, `created_at`, `updated_at`, `deleted_at`) VALUES ( NULL, 2, 'radio', '<b>Ámbito de servicio (atención)</b>', 'Este campo es obligatorio', 3, 1, NULL, 0.00, 1, '2025-08-20 21:09:46', '2025-08-27 16:00:48', NULL);
INSERT INTO `questions` (`category_question_id`, `form_section_id`, `type_control`, `name`, `message_error`, `order`, `is_required`, `description`, `weight`, `user_id`, `created_at`, `updated_at`, `deleted_at`) VALUES ( NULL, 2, 'radio', '<div><b>Tipo de gestión educativa</b></div>', 'Este campo es obligatorio', 4, 1, NULL, 0.00, 1, '2025-08-20 21:10:41', '2025-08-21 16:22:40', NULL);
INSERT INTO `questions` (`category_question_id`, `form_section_id`, `type_control`, `name`, `message_error`, `order`, `is_required`, `description`, `weight`, `user_id`, `created_at`, `updated_at`, `deleted_at`) VALUES ( NULL, 2, 'radio', '<div><b>Nivel Educativo</b></div>', 'Este campo es obligatorio', 5, 1, NULL, 0.00, 1, '2025-08-20 21:11:49', '2025-08-21 16:22:40', NULL);
INSERT INTO `questions` (`category_question_id`, `form_section_id`, `type_control`, `name`, `message_error`, `order`, `is_required`, `description`, `weight`, `user_id`, `created_at`, `updated_at`, `deleted_at`) VALUES ( NULL, 2, 'radio', '<b>Características de la IE</b>', 'Este campo es obligatorio', 6, 1, NULL, 0.00, 1, '2025-08-20 21:12:35', '2025-08-21 16:22:40', NULL);
INSERT INTO `questions` (`category_question_id`, `form_section_id`, `type_control`, `name`, `message_error`, `order`, `is_required`, `description`, `weight`, `user_id`, `created_at`, `updated_at`, `deleted_at`) VALUES ( NULL, 2, 'radio', '<b>Modelo del servicio educativo</b>', 'Este campo es obligatorio', 7, 1, NULL, 0.00, 1, '2025-08-20 21:13:11', '2025-08-21 16:22:40', NULL);
INSERT INTO `questions` (`category_question_id`, `form_section_id`, `type_control`, `name`, `message_error`, `order`, `is_required`, `description`, `weight`, `user_id`, `created_at`, `updated_at`, `deleted_at`) VALUES ( NULL, 2, 'radio', '<b>Su formación docente es:</b>', 'Este campo es obligatorio', 8, 1, NULL, 0.00, 1, '2025-08-20 21:14:07', '2025-08-21 16:22:40', NULL);
INSERT INTO `questions` (`category_question_id`, `form_section_id`, `type_control`, `name`, `message_error`, `order`, `is_required`, `description`, `weight`, `user_id`, `created_at`, `updated_at`, `deleted_at`) VALUES ( 1, 3, 'radio', '<b>1. Paso mucho tiempo soñando despierto(a).</b>', '', 1, 1, '', 2.00, 1, '2025-08-20 21:21:08', '2025-08-27 16:12:40', NULL);
INSERT INTO `questions` (`category_question_id`, `form_section_id`, `type_control`, `name`, `message_error`, `order`, `is_required`, `description`, `weight`, `user_id`, `created_at`, `updated_at`, `deleted_at`) VALUES ( 4, 3, 'radio', '<div><b>2. Estoy seguro(a) de mí mismo(a)</b></div>', 'Este campo es obligatorio', 2, 1, NULL, 2.00, 1, '2025-08-20 21:22:21', '2025-08-27 16:12:40', NULL);
INSERT INTO `questions` (`category_question_id`, `form_section_id`, `type_control`, `name`, `message_error`, `order`, `is_required`, `description`, `weight`, `user_id`, `created_at`, `updated_at`, `deleted_at`) VALUES ( 1, 3, 'radio', '<b>3. Deseo frecuentemente ser otra persona</b>', 'Este campo es obligatorio', 3, 1, NULL, 2.00, 1, '2025-08-20 21:22:45', '2025-08-21 16:22:48', NULL);
INSERT INTO `questions` (`category_question_id`, `form_section_id`, `type_control`, `name`, `message_error`, `order`, `is_required`, `description`, `weight`, `user_id`, `created_at`, `updated_at`, `deleted_at`) VALUES ( 1, 3, 'radio', '<b>4. Suelo ser agradable y les caigo bien a los demás</b>', 'Este campo es obligatorio', 4, 1, NULL, 2.00, 1, '2025-08-20 21:23:14', '2025-08-21 16:22:48', NULL);
INSERT INTO `questions` (`category_question_id`, `form_section_id`, `type_control`, `name`, `message_error`, `order`, `is_required`, `description`, `weight`, `user_id`, `created_at`, `updated_at`, `deleted_at`) VALUES ( 2, 3, 'radio', '<b>5. Mi familia y yo nos divertimos mucho juntos</b>', 'Este campo es obligatorio', 5, 1, NULL, 2.00, 1, '2025-08-20 21:23:33', '2025-08-21 16:22:48', NULL);
INSERT INTO `questions` (`category_question_id`, `form_section_id`, `type_control`, `name`, `message_error`, `order`, `is_required`, `description`, `weight`, `user_id`, `created_at`, `updated_at`, `deleted_at`) VALUES ( 3, 3, 'radio', '<div><b>6. No tengo preocupaciones</b></div>', 'Este campo es obligatorio', 6, 1, NULL, 2.00, 1, '2025-08-20 21:23:47', '2025-08-21 16:22:48', NULL);
INSERT INTO `questions` (`category_question_id`, `form_section_id`, `type_control`, `name`, `message_error`, `order`, `is_required`, `description`, `weight`, `user_id`, `created_at`, `updated_at`, `deleted_at`) VALUES ( 1, 3, 'radio', '<b>7. Me avergüenza mostrar a otros mi trabajo.</b>', 'Este campo es obligatorio', 7, 1, NULL, 2.00, 1, '2025-08-20 21:24:11', '2025-08-21 16:22:48', NULL);
INSERT INTO `questions` (`category_question_id`, `form_section_id`, `type_control`, `name`, `message_error`, `order`, `is_required`, `description`, `weight`, `user_id`, `created_at`, `updated_at`, `deleted_at`) VALUES ( 2, 3, 'radio', '<b>8. Desearía ser más joven.</b>', 'Este campo es obligatorio', 8, 1, NULL, 2.00, 1, '2025-08-20 21:24:30', '2025-08-21 16:22:48', NULL);
INSERT INTO `questions` (`category_question_id`, `form_section_id`, `type_control`, `name`, `message_error`, `order`, `is_required`, `description`, `weight`, `user_id`, `created_at`, `updated_at`, `deleted_at`) VALUES ( 3, 3, 'radio', '<b>9. Hay muchas cosas acerca de mí mismo(a) que me gustaría cambiar si pudiera.</b>', 'Este campo es obligatorio', 9, 1, NULL, 2.00, 1, '2025-08-20 21:25:02', '2025-08-21 16:22:48', NULL);
INSERT INTO `questions` (`category_question_id`, `form_section_id`, `type_control`, `name`, `message_error`, `order`, `is_required`, `description`, `weight`, `user_id`, `created_at`, `updated_at`, `deleted_at`) VALUES ( 1, 3, 'radio', '<div><b>10. Puedo tomar decisiones fácilmente.</b></div>', 'Este campo es obligatorio', 10, 1, NULL, 2.00, 1, '2025-08-20 21:25:12', '2025-08-21 16:22:48', NULL);
INSERT INTO `questions` (`category_question_id`, `form_section_id`, `type_control`, `name`, `message_error`, `order`, `is_required`, `description`, `weight`, `user_id`, `created_at`, `updated_at`, `deleted_at`) VALUES ( 3, 3, 'radio', '<div><b>11. Mis amigos(as) lo pasan bien cuando están conmigo.</b></div>', 'Este campo es obligatorio', 11, 1, NULL, 2.00, 1, '2025-08-20 21:25:27', '2025-08-21 16:22:48', NULL);
INSERT INTO `questions` (`category_question_id`, `form_section_id`, `type_control`, `name`, `message_error`, `order`, `is_required`, `description`, `weight`, `user_id`, `created_at`, `updated_at`, `deleted_at`) VALUES ( 1, 3, 'radio', '<b>12. Me aburro en casa fácilmente</b>', 'Este campo es obligatorio', 12, 1, NULL, 2.00, 1, '2025-08-20 21:25:45', '2025-08-21 16:22:48', NULL);
INSERT INTO `questions` (`category_question_id`, `form_section_id`, `type_control`, `name`, `message_error`, `order`, `is_required`, `description`, `weight`, `user_id`, `created_at`, `updated_at`, `deleted_at`) VALUES ( 1, 3, 'radio', '<div><b>13. Siempre hago lo correcto.</b></div>', 'Este campo es obligatorio', 13, 1, NULL, 2.00, 1, '2025-08-20 21:25:57', '2025-08-21 16:22:48', NULL);
INSERT INTO `questions` (`category_question_id`, `form_section_id`, `type_control`, `name`, `message_error`, `order`, `is_required`, `description`, `weight`, `user_id`, `created_at`, `updated_at`, `deleted_at`) VALUES ( 2, 3, 'radio', '<div><b>14. Me siento satisfecha con lo que realizo diariamente</b></div>', 'Este campo es obligatorio', 14, 1, NULL, 2.00, 1, '2025-08-20 21:26:25', '2025-08-21 16:22:48', NULL);
INSERT INTO `questions` (`category_question_id`, `form_section_id`, `type_control`, `name`, `message_error`, `order`, `is_required`, `description`, `weight`, `user_id`, `created_at`, `updated_at`, `deleted_at`) VALUES ( 1, 3, 'radio', '<b>15. Tengo siempre que tener a alguien que me diga lo que tengo que hacer.</b>', 'Este campo es obligatorio', 15, 1, NULL, 2.00, 1, '2025-08-20 21:26:38', '2025-08-21 16:22:48', NULL);
INSERT INTO `questions` (`category_question_id`, `form_section_id`, `type_control`, `name`, `message_error`, `order`, `is_required`, `description`, `weight`, `user_id`, `created_at`, `updated_at`, `deleted_at`) VALUES ( 3, 3, 'radio', '<div><b>16. Me toma mucho tiempo acostumbrarme a cosas nuevas.</b></div>', 'Este campo es obligatorio', 16, 1, NULL, 2.00, 1, '2025-08-20 21:26:55', '2025-08-21 16:22:48', NULL);
INSERT INTO `questions` (`category_question_id`, `form_section_id`, `type_control`, `name`, `message_error`, `order`, `is_required`, `description`, `weight`, `user_id`, `created_at`, `updated_at`, `deleted_at`) VALUES ( 4, 3, 'radio', '<div><b>17. Frecuentemente me arrepiento de las cosas que hago.</b></div>', 'Este campo es obligatorio', 17, 1, NULL, 2.00, 1, '2025-08-20 21:27:11', '2025-08-21 16:22:48', NULL);
INSERT INTO `questions` (`category_question_id`, `form_section_id`, `type_control`, `name`, `message_error`, `order`, `is_required`, `description`, `weight`, `user_id`, `created_at`, `updated_at`, `deleted_at`) VALUES ( 1, 3, 'radio', '<div><b>18. Soy popular entre la gente.</b></div>', 'Este campo es obligatorio', 18, 1, NULL, 2.00, 1, '2025-08-20 21:27:26', '2025-08-21 16:22:48', NULL);
INSERT INTO `questions` (`category_question_id`, `form_section_id`, `type_control`, `name`, `message_error`, `order`, `is_required`, `description`, `weight`, `user_id`, `created_at`, `updated_at`, `deleted_at`) VALUES ( 1, 3, 'radio', '<div><b>19. Usualmente en mi familia consideran mis sentimientos.</b></div>', 'Este campo es obligatorio', 19, 1, NULL, 2.00, 1, '2025-08-20 21:27:42', '2025-08-21 16:22:48', NULL);
INSERT INTO `questions` (`category_question_id`, `form_section_id`, `type_control`, `name`, `message_error`, `order`, `is_required`, `description`, `weight`, `user_id`, `created_at`, `updated_at`, `deleted_at`) VALUES ( 3, 3, 'radio', '<div><b>20. Nunca estoy triste.</b></div>', 'Este campo es obligatorio', 20, 1, NULL, 2.00, 1, '2025-08-20 21:28:00', '2025-08-21 16:22:48', NULL);
INSERT INTO `questions` (`category_question_id`, `form_section_id`, `type_control`, `name`, `message_error`, `order`, `is_required`, `description`, `weight`, `user_id`, `created_at`, `updated_at`, `deleted_at`) VALUES ( 2, 3, 'radio', '<div><b>21. Estoy haciendo el mejor trabajo que puedo.</b></div>', 'Este campo es obligatorio', 21, 1, NULL, 2.00, 1, '2025-08-20 21:28:11', '2025-08-21 16:22:49', NULL);
INSERT INTO `questions` (`category_question_id`, `form_section_id`, `type_control`, `name`, `message_error`, `order`, `is_required`, `description`, `weight`, `user_id`, `created_at`, `updated_at`, `deleted_at`) VALUES ( 3, 3, 'radio', '<b>22. Me doy por vencido(a) fácilmente.</b>', 'Este campo es obligatorio', 22, 1, NULL, 2.00, 1, '2025-08-20 21:28:30', '2025-08-21 16:22:49', NULL);
INSERT INTO `questions` (`category_question_id`, `form_section_id`, `type_control`, `name`, `message_error`, `order`, `is_required`, `description`, `weight`, `user_id`, `created_at`, `updated_at`, `deleted_at`) VALUES ( 4, 3, 'radio', '<div><b>23. Usualmente puedo cuidarme a mí mismo(a).</b></div>', 'Este campo es obligatorio', 23, 1, NULL, 2.00, 1, '2025-08-20 21:28:59', '2025-08-21 16:22:49', NULL);
INSERT INTO `questions` (`category_question_id`, `form_section_id`, `type_control`, `name`, `message_error`, `order`, `is_required`, `description`, `weight`, `user_id`, `created_at`, `updated_at`, `deleted_at`) VALUES ( 1, 3, 'radio', '<div><b>24. Me siento suficientemente feliz.</b></div>', 'Este campo es obligatorio', 24, 1, NULL, 2.00, 1, '2025-08-20 21:29:17', '2025-08-21 16:22:49', NULL);
INSERT INTO `questions` (`category_question_id`, `form_section_id`, `type_control`, `name`, `message_error`, `order`, `is_required`, `description`, `weight`, `user_id`, `created_at`, `updated_at`, `deleted_at`) VALUES ( 1, 3, 'radio', '<b>25. Prefiero compartir con personas de menor nivel que yo.</b>', 'Este campo es obligatorio', 25, 1, NULL, 2.00, 1, '2025-08-20 21:29:27', '2025-08-21 16:22:49', NULL);
INSERT INTO `questions` (`category_question_id`, `form_section_id`, `type_control`, `name`, `message_error`, `order`, `is_required`, `description`, `weight`, `user_id`, `created_at`, `updated_at`, `deleted_at`) VALUES ( 5, 3, 'radio', '<div><b>26. Mi familia espera demasiado de mí.</b></div>', 'Este campo es obligatorio', 26, 1, NULL, 1.00, 1, '2025-08-20 21:29:43', '2025-08-21 16:22:49', NULL);
INSERT INTO `questions` (`category_question_id`, `form_section_id`, `type_control`, `name`, `message_error`, `order`, `is_required`, `description`, `weight`, `user_id`, `created_at`, `updated_at`, `deleted_at`) VALUES ( 1, 3, 'radio', '<b>27. Me agradan todas las personas que conozco</b>', 'Este campo es obligatorio', 27, 1, NULL, 2.00, 1, '2025-08-20 21:30:16', '2025-08-21 16:22:49', NULL);
INSERT INTO `questions` (`category_question_id`, `form_section_id`, `type_control`, `name`, `message_error`, `order`, `is_required`, `description`, `weight`, `user_id`, `created_at`, `updated_at`, `deleted_at`) VALUES ( 2, 3, 'radio', '<div><b>28. Me siento útil cuando mi jefe me asigna tareas</b></div>', 'Este campo es obligatorio', 28, 1, NULL, 2.00, 1, '2025-08-20 21:30:35', '2025-08-21 16:22:49', NULL);
INSERT INTO `questions` (`category_question_id`, `form_section_id`, `type_control`, `name`, `message_error`, `order`, `is_required`, `description`, `weight`, `user_id`, `created_at`, `updated_at`, `deleted_at`) VALUES ( 3, 3, 'radio', '<div><b>29. Me entiendo a mí mismo(a).</b></div>', 'Este campo es obligatorio', 29, 1, NULL, 2.00, 1, '2025-08-20 21:30:47', '2025-08-21 16:22:49', NULL);
INSERT INTO `questions` (`category_question_id`, `form_section_id`, `type_control`, `name`, `message_error`, `order`, `is_required`, `description`, `weight`, `user_id`, `created_at`, `updated_at`, `deleted_at`) VALUES ( 1, 3, 'radio', '<div><b>30. Me cuesta comportarme como en realidad soy.</b></div>', 'Este campo es obligatorio', 30, 1, NULL, 2.00, 1, '2025-08-20 21:31:11', '2025-08-21 16:22:49', NULL);
INSERT INTO `questions` (`category_question_id`, `form_section_id`, `type_control`, `name`, `message_error`, `order`, `is_required`, `description`, `weight`, `user_id`, `created_at`, `updated_at`, `deleted_at`) VALUES ( 1, 3, 'radio', '<b>31. Las cosas en mi vida están muy complicadas</b>', 'Este campo es obligatorio', 31, 1, NULL, 2.00, 1, '2025-08-20 21:31:24', '2025-08-21 16:22:49', NULL);
INSERT INTO `questions` (`category_question_id`, `form_section_id`, `type_control`, `name`, `message_error`, `order`, `is_required`, `description`, `weight`, `user_id`, `created_at`, `updated_at`, `deleted_at`) VALUES ( 5, 3, 'radio', '<b>32. Los demás casi siempre siguen mis ideas</b>', 'Este campo es obligatorio', 32, 1, NULL, 1.00, 1, '2025-08-20 21:31:32', '2025-08-21 16:22:49', NULL);
INSERT INTO `questions` (`category_question_id`, `form_section_id`, `type_control`, `name`, `message_error`, `order`, `is_required`, `description`, `weight`, `user_id`, `created_at`, `updated_at`, `deleted_at`) VALUES ( 4, 3, 'radio', '<div><b>33. Nadie me presta mucha atención en casa</b></div>', 'Este campo es obligatorio', 33, 1, NULL, 2.00, 1, '2025-08-20 21:31:59', '2025-08-21 16:22:49', NULL);
INSERT INTO `questions` (`category_question_id`, `form_section_id`, `type_control`, `name`, `message_error`, `order`, `is_required`, `description`, `weight`, `user_id`, `created_at`, `updated_at`, `deleted_at`) VALUES ( 1, 3, 'radio', '<b>34. Nunca me regañan o reprochan o reprenden</b>', 'Este campo es obligatorio', 34, 1, NULL, 2.00, 1, '2025-08-20 21:32:14', '2025-08-21 16:22:49', NULL);
INSERT INTO `questions` (`category_question_id`, `form_section_id`, `type_control`, `name`, `message_error`, `order`, `is_required`, `description`, `weight`, `user_id`, `created_at`, `updated_at`, `deleted_at`) VALUES ( 1, 3, 'radio', '<div><b>35. No estoy creciendo profesionalmente como me gustaría</b></div>', 'Este campo es obligatorio', 35, 1, NULL, 2.00, 1, '2025-08-20 21:32:32', '2025-08-21 16:22:49', NULL);
INSERT INTO `questions` (`category_question_id`, `form_section_id`, `type_control`, `name`, `message_error`, `order`, `is_required`, `description`, `weight`, `user_id`, `created_at`, `updated_at`, `deleted_at`) VALUES ( 5, 3, 'radio', '<div><b>36. Puedo tomar decisiones y cumplirlas.</b></div>', 'Este campo es obligatorio', 36, 1, NULL, 1.00, 1, '2025-08-20 21:32:47', '2025-08-21 16:22:49', NULL);
INSERT INTO `questions` (`category_question_id`, `form_section_id`, `type_control`, `name`, `message_error`, `order`, `is_required`, `description`, `weight`, `user_id`, `created_at`, `updated_at`, `deleted_at`) VALUES ( 4, 3, 'radio', '<div><b>37. No estoy conforme con mi sexo.</b></div>', 'Este campo es obligatorio', 37, 1, NULL, 2.00, 1, '2025-08-20 21:32:58', '2025-08-21 16:22:49', NULL);
INSERT INTO `questions` (`category_question_id`, `form_section_id`, `type_control`, `name`, `message_error`, `order`, `is_required`, `description`, `weight`, `user_id`, `created_at`, `updated_at`, `deleted_at`) VALUES ( 1, 3, 'radio', '<b>38. Tengo una mala opinión de mí mismo(a).</b>', 'Este campo es obligatorio', 38, 1, NULL, 2.00, 1, '2025-08-20 21:33:12', '2025-08-21 16:22:49', NULL);
INSERT INTO `questions` (`category_question_id`, `form_section_id`, `type_control`, `name`, `message_error`, `order`, `is_required`, `description`, `weight`, `user_id`, `created_at`, `updated_at`, `deleted_at`) VALUES ( 1, 3, 'radio', '<b>39. No me entusiasma estar con otras personas</b>', 'Este campo es obligatorio', 39, 1, NULL, 2.00, 1, '2025-08-20 21:33:35', '2025-08-21 16:22:49', NULL);
INSERT INTO `questions` (`category_question_id`, `form_section_id`, `type_control`, `name`, `message_error`, `order`, `is_required`, `description`, `weight`, `user_id`, `created_at`, `updated_at`, `deleted_at`) VALUES ( 2, 3, 'radio', '<div><b>40. Muchas veces, me gustaría irme de casa.</b></div>', 'Este campo es obligatorio', 40, 1, NULL, 2.00, 1, '2025-08-20 21:33:46', '2025-08-21 16:22:49', NULL);
INSERT INTO `questions` (`category_question_id`, `form_section_id`, `type_control`, `name`, `message_error`, `order`, `is_required`, `description`, `weight`, `user_id`, `created_at`, `updated_at`, `deleted_at`) VALUES ( 5, 3, 'radio', '<b>41. Nunca soy tímido(a).</b>', 'Este campo es obligatorio', 41, 1, NULL, 1.00, 1, '2025-08-20 21:33:57', '2025-08-21 16:22:49', NULL);
INSERT INTO `questions` (`category_question_id`, `form_section_id`, `type_control`, `name`, `message_error`, `order`, `is_required`, `description`, `weight`, `user_id`, `created_at`, `updated_at`, `deleted_at`) VALUES ( 4, 3, 'radio', '<b>42. Frecuentemente, el trabajo me causa incomodidad</b>', 'Este campo es obligatorio', 42, 1, NULL, 2.00, 1, '2025-08-20 21:34:10', '2025-08-21 16:22:49', NULL);
INSERT INTO `questions` (`category_question_id`, `form_section_id`, `type_control`, `name`, `message_error`, `order`, `is_required`, `description`, `weight`, `user_id`, `created_at`, `updated_at`, `deleted_at`) VALUES ( 1, 3, 'radio', '<div><b>43. Frecuentemente me avergüenzo de mí mismo(a).</b></div>', 'Este campo es obligatorio', 43, 1, NULL, 2.00, 1, '2025-08-20 21:34:36', '2025-08-21 16:22:49', NULL);
INSERT INTO `questions` (`category_question_id`, `form_section_id`, `type_control`, `name`, `message_error`, `order`, `is_required`, `description`, `weight`, `user_id`, `created_at`, `updated_at`, `deleted_at`) VALUES ( 3, 3, 'radio', '<b>44. No soy tan guapo(a) como otras personas.</b>', 'Este campo es obligatorio', 44, 1, NULL, 2.00, 1, '2025-08-20 21:34:57', '2025-08-21 16:22:49', NULL);
INSERT INTO `questions` (`category_question_id`, `form_section_id`, `type_control`, `name`, `message_error`, `order`, `is_required`, `description`, `weight`, `user_id`, `created_at`, `updated_at`, `deleted_at`) VALUES ( 5, 3, 'radio', '<b>45. Si tengo algo que decir, usualmente lo digo.</b>', 'Este campo es obligatorio', 45, 1, NULL, 1.00, 1, '2025-08-20 21:35:16', '2025-08-21 16:22:49', NULL);
INSERT INTO `questions` (`category_question_id`, `form_section_id`, `type_control`, `name`, `message_error`, `order`, `is_required`, `description`, `weight`, `user_id`, `created_at`, `updated_at`, `deleted_at`) VALUES ( 4, 3, 'radio', '<b>46. Mis colegas, hacen bromas conmigo y no me dejan tranquilo (a)</b>', 'Este campo es obligatorio', 46, 1, NULL, 2.00, 1, '2025-08-20 21:35:26', '2025-08-21 16:22:49', NULL);
INSERT INTO `questions` (`category_question_id`, `form_section_id`, `type_control`, `name`, `message_error`, `order`, `is_required`, `description`, `weight`, `user_id`, `created_at`, `updated_at`, `deleted_at`) VALUES ( 1, 3, 'radio', '<div><b>47. Mi Familia me entiende.</b></div>', 'Este campo es obligatorio', 47, 1, NULL, 2.00, 1, '2025-08-20 21:35:42', '2025-08-21 16:22:49', NULL);
INSERT INTO `questions` (`category_question_id`, `form_section_id`, `type_control`, `name`, `message_error`, `order`, `is_required`, `description`, `weight`, `user_id`, `created_at`, `updated_at`, `deleted_at`) VALUES ( 1, 3, 'radio', '<div><b>48. Siempre digo la verdad.</b></div>', 'Este campo es obligatorio', 48, 1, NULL, 2.00, 1, '2025-08-20 21:36:01', '2025-08-21 16:22:49', NULL);
INSERT INTO `questions` (`category_question_id`, `form_section_id`, `type_control`, `name`, `message_error`, `order`, `is_required`, `description`, `weight`, `user_id`, `created_at`, `updated_at`, `deleted_at`) VALUES ( 2, 3, 'radio', '<div><b>49. Mi jefe me hace sentir inferior, que no soy importante</b></div>', 'Este campo es obligatorio', 49, 1, NULL, 2.00, 1, '2025-08-20 21:36:17', '2025-08-21 16:22:49', NULL);
INSERT INTO `questions` (`category_question_id`, `form_section_id`, `type_control`, `name`, `message_error`, `order`, `is_required`, `description`, `weight`, `user_id`, `created_at`, `updated_at`, `deleted_at`) VALUES ( 5, 3, 'radio', '<div><b>50. A mí no me importa lo que me pase.</b></div><div><br></div>', 'Este campo es obligatorio', 50, 1, NULL, 1.00, 1, '2025-08-20 21:36:34', '2025-08-21 16:22:49', NULL);
INSERT INTO `questions` (`category_question_id`, `form_section_id`, `type_control`, `name`, `message_error`, `order`, `is_required`, `description`, `weight`, `user_id`, `created_at`, `updated_at`, `deleted_at`) VALUES ( 1, 3, 'radio', '<b>51. Soy un fracaso.</b>', 'Este campo es obligatorio', 51, 1, NULL, 2.00, 1, '2025-08-20 21:36:52', '2025-08-21 16:22:49', NULL);
INSERT INTO `questions` (`category_question_id`, `form_section_id`, `type_control`, `name`, `message_error`, `order`, `is_required`, `description`, `weight`, `user_id`, `created_at`, `updated_at`, `deleted_at`) VALUES ( 2, 3, 'radio', '<div><b>52. Me desagrada que me digan que hice algo mal</b></div>', 'Este campo es obligatorio', 52, 1, NULL, 2.00, 1, '2025-08-20 21:37:09', '2025-08-21 16:22:49', NULL);
INSERT INTO `questions` (`category_question_id`, `form_section_id`, `type_control`, `name`, `message_error`, `order`, `is_required`, `description`, `weight`, `user_id`, `created_at`, `updated_at`, `deleted_at`) VALUES ( 5, 3, 'radio', '<b>53. Las otras personas son más agradables que yo.</b>', 'Este campo es obligatorio', 53, 1, NULL, 1.00, 1, '2025-08-20 21:38:36', '2025-08-21 16:22:49', NULL);
INSERT INTO `questions` (`category_question_id`, `form_section_id`, `type_control`, `name`, `message_error`, `order`, `is_required`, `description`, `weight`, `user_id`, `created_at`, `updated_at`, `deleted_at`) VALUES ( 4, 3, 'radio', '<div><b>54. Usualmente siento que mi Familia espera más de mí.</b></div>', 'Este campo es obligatorio', 54, 1, NULL, 2.00, 1, '2025-08-20 21:39:01', '2025-08-21 16:22:49', NULL);
INSERT INTO `questions` (`category_question_id`, `form_section_id`, `type_control`, `name`, `message_error`, `order`, `is_required`, `description`, `weight`, `user_id`, `created_at`, `updated_at`, `deleted_at`) VALUES ( 1, 3, 'radio', '<div><b>55. Siempre sé qué decir a otras personas.</b></div>', 'Este campo es obligatorio', 55, 1, NULL, 2.00, 1, '2025-08-20 21:39:21', '2025-08-21 16:22:49', NULL);
INSERT INTO `questions` (`category_question_id`, `form_section_id`, `type_control`, `name`, `message_error`, `order`, `is_required`, `description`, `weight`, `user_id`, `created_at`, `updated_at`, `deleted_at`) VALUES ( 1, 3, 'radio', '<b>56. Frecuentemente me siento desilusionado(a) en el trabajo, o con los quehaceres diarios</b>', 'Este campo es obligatorio', 56, 1, NULL, 2.00, 1, '2025-08-20 21:39:33', '2025-08-21 16:22:49', NULL);
INSERT INTO `questions` (`category_question_id`, `form_section_id`, `type_control`, `name`, `message_error`, `order`, `is_required`, `description`, `weight`, `user_id`, `created_at`, `updated_at`, `deleted_at`) VALUES ( 1, 3, 'radio', '<div><b>57. Generalmente las cosas no me importan.</b></div>', 'Este campo es obligatorio', 57, 1, NULL, 2.00, 1, '2025-08-20 21:39:48', '2025-08-21 16:22:49', NULL);
INSERT INTO `questions` (`category_question_id`, `form_section_id`, `type_control`, `name`, `message_error`, `order`, `is_required`, `description`, `weight`, `user_id`, `created_at`, `updated_at`, `deleted_at`) VALUES ( 5, 3, 'radio', '<b>58. No soy una persona confiable para que otros dependan de mí.</b>', 'Este campo es obligatorio', 58, 1, NULL, 1.00, 1, '2025-08-20 21:40:12', '2025-08-21 16:22:49', NULL);
INSERT INTO `questions` (`category_question_id`, `form_section_id`, `type_control`, `name`, `message_error`, `order`, `is_required`, `description`, `weight`, `user_id`, `created_at`, `updated_at`, `deleted_at`) VALUES ( NULL, 2, 'radio', '<div><b>Modalidad educativa:</b></div>', NULL, 6, 0, NULL, 0.00, 1, '2025-08-29 15:22:38', '2025-08-29 15:23:41', NULL);


INSERT INTO `question_options` ( `question_id`, `question_title`, `is_correct`, `weight`, `user_id`, `created_at`, `updated_at`, `deleted_at`) VALUES ( 1, 'Si Acepto', 0, 0.00, 1, '2025-08-27 20:45:32', '2025-08-27 20:45:42', NULL);
INSERT INTO `question_options` ( `question_id`, `question_title`, `is_correct`, `weight`, `user_id`, `created_at`, `updated_at`, `deleted_at`) VALUES ( 2, 'Básica', 0, 0.00, 1, '2025-08-27 20:46:21', '2025-08-29 15:19:31', NULL);
INSERT INTO `question_options` ( `question_id`, `question_title`, `is_correct`, `weight`, `user_id`, `created_at`, `updated_at`, `deleted_at`) VALUES ( 2, 'Intermedia', 0, 0.00, 1, '2025-08-27 20:46:24', '2025-08-29 15:19:45', NULL);
INSERT INTO `question_options` ( `question_id`, `question_title`, `is_correct`, `weight`, `user_id`, `created_at`, `updated_at`, `deleted_at`) VALUES ( 2, 'Avanzado', 0, 0.00, 1, '2025-08-29 15:19:35', '2025-08-29 15:19:50', NULL);
INSERT INTO `question_options` ( `question_id`, `question_title`, `is_correct`, `weight`, `user_id`, `created_at`, `updated_at`, `deleted_at`) VALUES ( 2, 'Ninguno', 0, 0.00, 1, '2025-08-29 15:19:37', '2025-08-29 15:19:56', NULL);
INSERT INTO `question_options` ( `question_id`, `question_title`, `is_correct`, `weight`, `user_id`, `created_at`, `updated_at`, `deleted_at`) VALUES ( 3, 'Básica', 0, 0.00, 1, '2025-08-29 15:20:00', '2025-08-29 15:20:14', NULL);
INSERT INTO `question_options` ( `question_id`, `question_title`, `is_correct`, `weight`, `user_id`, `created_at`, `updated_at`, `deleted_at`) VALUES ( 3, 'Intermedia', 0, 0.00, 1, '2025-08-29 15:20:02', '2025-08-29 15:20:18', NULL);
INSERT INTO `question_options` ( `question_id`, `question_title`, `is_correct`, `weight`, `user_id`, `created_at`, `updated_at`, `deleted_at`) VALUES ( 3, 'Avanzado', 0, 0.00, 1, '2025-08-29 15:20:04', '2025-08-29 15:20:23', NULL);
INSERT INTO `question_options` ( `question_id`, `question_title`, `is_correct`, `weight`, `user_id`, `created_at`, `updated_at`, `deleted_at`) VALUES ( 3, 'Ninguno', 0, 0.00, 1, '2025-08-29 15:20:06', '2025-08-29 15:20:28', NULL);
INSERT INTO `question_options` ( `question_id`, `question_title`, `is_correct`, `weight`, `user_id`, `created_at`, `updated_at`, `deleted_at`) VALUES ( 4, 'Rural', 0, 0.00, 1, '2025-08-29 15:20:35', '2025-08-29 15:20:43', NULL);
INSERT INTO `question_options` ( `question_id`, `question_title`, `is_correct`, `weight`, `user_id`, `created_at`, `updated_at`, `deleted_at`) VALUES ( 4, 'Urbano', 0, 0.00, 1, '2025-08-29 15:20:37', '2025-08-29 15:20:49', NULL);
INSERT INTO `question_options` ( `question_id`, `question_title`, `is_correct`, `weight`, `user_id`, `created_at`, `updated_at`, `deleted_at`) VALUES ( 5, 'Privado', 0, 0.00, 1, '2025-08-29 15:20:54', '2025-08-29 15:21:01', NULL);
INSERT INTO `question_options` ( `question_id`, `question_title`, `is_correct`, `weight`, `user_id`, `created_at`, `updated_at`, `deleted_at`) VALUES ( 5, 'Público', 0, 0.00, 1, '2025-08-29 15:20:56', '2025-08-29 15:21:06', NULL);
INSERT INTO `question_options` ( `question_id`, `question_title`, `is_correct`, `weight`, `user_id`, `created_at`, `updated_at`, `deleted_at`) VALUES ( 6, 'Inicial', 0, 0.00, 1, '2025-08-29 15:21:12', '2025-08-29 15:21:20', NULL);
INSERT INTO `question_options` ( `question_id`, `question_title`, `is_correct`, `weight`, `user_id`, `created_at`, `updated_at`, `deleted_at`) VALUES ( 6, 'Primaria', 0, 0.00, 1, '2025-08-29 15:21:14', '2025-08-29 15:21:25', NULL);
INSERT INTO `question_options` ( `question_id`, `question_title`, `is_correct`, `weight`, `user_id`, `created_at`, `updated_at`, `deleted_at`) VALUES ( 6, 'Secundaria', 0, 0.00, 1, '2025-08-29 15:21:17', '2025-08-29 15:21:29', NULL);
INSERT INTO `question_options` ( `question_id`, `question_title`, `is_correct`, `weight`, `user_id`, `created_at`, `updated_at`, `deleted_at`) VALUES ( 7, 'Unidocente', 0, 0.00, 1, '2025-08-29 15:25:08', '2025-08-29 15:25:17', NULL);
INSERT INTO `question_options` ( `question_id`, `question_title`, `is_correct`, `weight`, `user_id`, `created_at`, `updated_at`, `deleted_at`) VALUES ( 7, 'Multigrado', 0, 0.00, 1, '2025-08-29 15:25:10', '2025-08-29 15:25:22', NULL);
INSERT INTO `question_options` ( `question_id`, `question_title`, `is_correct`, `weight`, `user_id`, `created_at`, `updated_at`, `deleted_at`) VALUES ( 7, 'Polidocente', 0, 0.00, 1, '2025-08-29 15:25:12', '2025-08-29 15:25:27', NULL);
INSERT INTO `question_options` ( `question_id`, `question_title`, `is_correct`, `weight`, `user_id`, `created_at`, `updated_at`, `deleted_at`) VALUES ( 8, 'Jornada escolar completa', 0, 0.00, 1, '2025-08-29 15:25:46', '2025-08-29 15:25:58', NULL);
INSERT INTO `question_options` ( `question_id`, `question_title`, `is_correct`, `weight`, `user_id`, `created_at`, `updated_at`, `deleted_at`) VALUES ( 8, 'Jornada escolar regular', 0, 0.00, 1, '2025-08-29 15:25:49', '2025-08-29 15:26:04', NULL);
INSERT INTO `question_options` ( `question_id`, `question_title`, `is_correct`, `weight`, `user_id`, `created_at`, `updated_at`, `deleted_at`) VALUES ( 8, 'Secundaria de formación técnica', 0, 0.00, 1, '2025-08-29 15:25:51', '2025-08-29 15:26:09', NULL);
INSERT INTO `question_options` ( `question_id`, `question_title`, `is_correct`, `weight`, `user_id`, `created_at`, `updated_at`, `deleted_at`) VALUES ( 8, 'Secundaria tutorial', 0, 0.00, 1, '2025-08-29 15:25:53', '2025-08-29 15:26:16', NULL);
INSERT INTO `question_options` ( `question_id`, `question_title`, `is_correct`, `weight`, `user_id`, `created_at`, `updated_at`, `deleted_at`) VALUES ( 8, 'COAR', 0, 0.00, 1, '2025-08-29 15:26:17', '2025-08-29 15:26:22', NULL);
INSERT INTO `question_options` ( `question_id`, `question_title`, `is_correct`, `weight`, `user_id`, `created_at`, `updated_at`, `deleted_at`) VALUES ( 9, 'Universitaria', 0, 0.00, 1, '2025-08-29 15:26:40', '2025-08-29 15:26:52', NULL);
INSERT INTO `question_options` ( `question_id`, `question_title`, `is_correct`, `weight`, `user_id`, `created_at`, `updated_at`, `deleted_at`) VALUES ( 9, 'No Universitaria', 0, 0.00, 1, '2025-08-29 15:26:42', '2025-08-29 15:27:05', NULL);
INSERT INTO `question_options` (`question_id`, `question_title`, `is_correct`, `weight`, `user_id`, `created_at`, `updated_at`, `deleted_at`) VALUES ( 68, 'Educación básica regular', 1, 0.00, 1, '2025-08-29 15:22:38', '2025-08-29 15:23:55', NULL);
INSERT INTO `question_options` (`question_id`, `question_title`, `is_correct`, `weight`, `user_id`, `created_at`, `updated_at`, `deleted_at`) VALUES ( 68, 'Educación básica especial', 0, 0.00, 1, '2025-08-29 15:23:43', '2025-08-29 15:24:12', NULL);
INSERT INTO `question_options` (`question_id`, `question_title`, `is_correct`, `weight`, `user_id`, `created_at`, `updated_at`, `deleted_at`) VALUES ( 68, 'Educación básica alternativa', 0, 0.00, 1, '2025-08-29 15:23:45', '2025-08-29 15:24:23', NULL);

INSERT INTO `question_options` ( `question_id`, `question_title`, `is_correct`, `weight`, `user_id`, `created_at`, `updated_at`, `deleted_at`) VALUES (10, 'Igual que Yo', 1, 1.00, 1, '2025-08-29 15:27:40', '2025-08-29 15:56:48', NULL);
INSERT INTO `question_options` ( `question_id`, `question_title`, `is_correct`, `weight`, `user_id`, `created_at`, `updated_at`, `deleted_at`) VALUES (10, 'Distinto a Mí', 0, 0.00, 1, '2025-08-29 15:27:42', '2025-08-29 15:28:01', NULL);
INSERT INTO `question_options` ( `question_id`, `question_title`, `is_correct`, `weight`, `user_id`, `created_at`, `updated_at`, `deleted_at`) VALUES (11, 'Igual que Yo', 0, 0.00, 1, '2025-08-29 15:27:40', '2025-08-29 15:27:54', NULL);
INSERT INTO `question_options` ( `question_id`, `question_title`, `is_correct`, `weight`, `user_id`, `created_at`, `updated_at`, `deleted_at`) VALUES (11, 'Distinto a Mí', 1, 1.00, 1, '2025-08-29 15:27:42', '2025-08-29 15:57:03', NULL);
INSERT INTO `question_options` ( `question_id`, `question_title`, `is_correct`, `weight`, `user_id`, `created_at`, `updated_at`, `deleted_at`) VALUES (12, 'Igual que Yo', 0, 0.00, 1, '2025-08-29 15:27:40', '2025-08-29 15:27:54', NULL);
INSERT INTO `question_options` ( `question_id`, `question_title`, `is_correct`, `weight`, `user_id`, `created_at`, `updated_at`, `deleted_at`) VALUES (12, 'Distinto a Mí', 1, 1.00, 1, '2025-08-29 15:27:42', '2025-08-29 15:57:16', NULL);
INSERT INTO `question_options` ( `question_id`, `question_title`, `is_correct`, `weight`, `user_id`, `created_at`, `updated_at`, `deleted_at`) VALUES (13, 'Igual que Yo', 1, 1.00, 1, '2025-08-29 15:27:40', '2025-08-29 15:57:32', NULL);
INSERT INTO `question_options` ( `question_id`, `question_title`, `is_correct`, `weight`, `user_id`, `created_at`, `updated_at`, `deleted_at`) VALUES (13, 'Distinto a Mí', 0, 0.00, 1, '2025-08-29 15:27:42', '2025-08-29 15:28:01', NULL);
INSERT INTO `question_options` ( `question_id`, `question_title`, `is_correct`, `weight`, `user_id`, `created_at`, `updated_at`, `deleted_at`) VALUES (14, 'Igual que Yo', 1, 1.00, 1, '2025-08-29 15:27:40', '2025-08-29 15:57:40', NULL);
INSERT INTO `question_options` ( `question_id`, `question_title`, `is_correct`, `weight`, `user_id`, `created_at`, `updated_at`, `deleted_at`) VALUES (14, 'Distinto a Mí', 0, 0.00, 1, '2025-08-29 15:27:42', '2025-08-29 15:28:01', NULL);
INSERT INTO `question_options` ( `question_id`, `question_title`, `is_correct`, `weight`, `user_id`, `created_at`, `updated_at`, `deleted_at`) VALUES (15, 'Igual que Yo', 0, 0.00, 1, '2025-08-29 15:27:40', '2025-08-29 15:27:54', NULL);
INSERT INTO `question_options` ( `question_id`, `question_title`, `is_correct`, `weight`, `user_id`, `created_at`, `updated_at`, `deleted_at`) VALUES (15, 'Distinto a Mí', 1, 1.00, 1, '2025-08-29 15:27:42', '2025-08-29 15:58:35', NULL);
INSERT INTO `question_options` ( `question_id`, `question_title`, `is_correct`, `weight`, `user_id`, `created_at`, `updated_at`, `deleted_at`) VALUES (16, 'Igual que Yo', 0, 0.00, 1, '2025-08-29 15:27:40', '2025-08-29 15:27:54', NULL);
INSERT INTO `question_options` ( `question_id`, `question_title`, `is_correct`, `weight`, `user_id`, `created_at`, `updated_at`, `deleted_at`) VALUES (16, 'Distinto a Mí', 1, 1.00, 1, '2025-08-29 15:27:42', '2025-08-29 15:58:40', NULL);
INSERT INTO `question_options` ( `question_id`, `question_title`, `is_correct`, `weight`, `user_id`, `created_at`, `updated_at`, `deleted_at`) VALUES (17, 'Igual que Yo', 1, 1.00, 1, '2025-08-29 15:27:40', '2025-08-29 15:58:52', NULL);
INSERT INTO `question_options` ( `question_id`, `question_title`, `is_correct`, `weight`, `user_id`, `created_at`, `updated_at`, `deleted_at`) VALUES (17, 'Distinto a Mí', 0, 0.00, 1, '2025-08-29 15:27:42', '2025-08-29 15:28:01', NULL);
INSERT INTO `question_options` ( `question_id`, `question_title`, `is_correct`, `weight`, `user_id`, `created_at`, `updated_at`, `deleted_at`) VALUES (18, 'Igual que Yo', 1, 1.00, 1, '2025-08-29 15:27:40', '2025-08-29 15:59:00', NULL);
INSERT INTO `question_options` ( `question_id`, `question_title`, `is_correct`, `weight`, `user_id`, `created_at`, `updated_at`, `deleted_at`) VALUES (18, 'Distinto a Mí', 0, 0.00, 1, '2025-08-29 15:27:42', '2025-08-29 15:28:01', NULL);
INSERT INTO `question_options` ( `question_id`, `question_title`, `is_correct`, `weight`, `user_id`, `created_at`, `updated_at`, `deleted_at`) VALUES (19, 'Igual que Yo', 0, 0.00, 1, '2025-08-29 15:27:40', '2025-08-29 15:27:54', NULL);
INSERT INTO `question_options` ( `question_id`, `question_title`, `is_correct`, `weight`, `user_id`, `created_at`, `updated_at`, `deleted_at`) VALUES (19, 'Distinto a Mí', 1, 1.00, 1, '2025-08-29 15:27:42', '2025-08-29 15:59:10', NULL);
INSERT INTO `question_options` ( `question_id`, `question_title`, `is_correct`, `weight`, `user_id`, `created_at`, `updated_at`, `deleted_at`) VALUES (20, 'Igual que Yo', 0, 0.00, 1, '2025-08-29 15:27:40', '2025-08-29 15:27:54', NULL);
INSERT INTO `question_options` ( `question_id`, `question_title`, `is_correct`, `weight`, `user_id`, `created_at`, `updated_at`, `deleted_at`) VALUES (20, 'Distinto a Mí', 1, 1.00, 1, '2025-08-29 15:27:42', '2025-08-29 15:59:14', NULL);
INSERT INTO `question_options` ( `question_id`, `question_title`, `is_correct`, `weight`, `user_id`, `created_at`, `updated_at`, `deleted_at`) VALUES (21, 'Igual que Yo', 0, 0.00, 1, '2025-08-29 15:27:40', '2025-08-29 15:27:54', NULL);
INSERT INTO `question_options` ( `question_id`, `question_title`, `is_correct`, `weight`, `user_id`, `created_at`, `updated_at`, `deleted_at`) VALUES (21, 'Distinto a Mí', 1, 1.00, 1, '2025-08-29 15:27:42', '2025-08-29 15:59:19', NULL);
INSERT INTO `question_options` ( `question_id`, `question_title`, `is_correct`, `weight`, `user_id`, `created_at`, `updated_at`, `deleted_at`) VALUES (22, 'Igual que Yo', 0, 0.00, 1, '2025-08-29 15:27:40', '2025-08-29 15:27:54', NULL);
INSERT INTO `question_options` ( `question_id`, `question_title`, `is_correct`, `weight`, `user_id`, `created_at`, `updated_at`, `deleted_at`) VALUES (22, 'Distinto a Mí', 1, 1.00, 1, '2025-08-29 15:27:42', '2025-08-29 15:59:24', NULL);
INSERT INTO `question_options` ( `question_id`, `question_title`, `is_correct`, `weight`, `user_id`, `created_at`, `updated_at`, `deleted_at`) VALUES (23, 'Igual que Yo', 1, 1.00, 1, '2025-08-29 15:27:40', '2025-08-29 15:59:32', NULL);
INSERT INTO `question_options` ( `question_id`, `question_title`, `is_correct`, `weight`, `user_id`, `created_at`, `updated_at`, `deleted_at`) VALUES (23, 'Distinto a Mí', 0, 0.00, 1, '2025-08-29 15:27:42', '2025-08-29 15:28:01', NULL);
INSERT INTO `question_options` ( `question_id`, `question_title`, `is_correct`, `weight`, `user_id`, `created_at`, `updated_at`, `deleted_at`) VALUES (24, 'Igual que Yo', 0, 0.00, 1, '2025-08-29 15:27:40', '2025-08-29 15:27:54', NULL);
INSERT INTO `question_options` ( `question_id`, `question_title`, `is_correct`, `weight`, `user_id`, `created_at`, `updated_at`, `deleted_at`) VALUES (24, 'Distinto a Mí', 1, 1.00, 1, '2025-08-29 15:27:42', '2025-08-29 15:59:45', NULL);
INSERT INTO `question_options` ( `question_id`, `question_title`, `is_correct`, `weight`, `user_id`, `created_at`, `updated_at`, `deleted_at`) VALUES (25, 'Igual que Yo', 0, 0.00, 1, '2025-08-29 15:27:40', '2025-08-29 15:27:54', NULL);
INSERT INTO `question_options` ( `question_id`, `question_title`, `is_correct`, `weight`, `user_id`, `created_at`, `updated_at`, `deleted_at`) VALUES (25, 'Distinto a Mí', 1, 1.00, 1, '2025-08-29 15:27:42', '2025-08-29 16:00:13', NULL);
INSERT INTO `question_options` ( `question_id`, `question_title`, `is_correct`, `weight`, `user_id`, `created_at`, `updated_at`, `deleted_at`) VALUES (26, 'Igual que Yo', 0, 0.00, 1, '2025-08-29 15:27:40', '2025-08-29 15:27:54', NULL);
INSERT INTO `question_options` ( `question_id`, `question_title`, `is_correct`, `weight`, `user_id`, `created_at`, `updated_at`, `deleted_at`) VALUES (26, 'Distinto a Mí', 1, 1.00, 1, '2025-08-29 15:27:42', '2025-08-29 16:00:23', NULL);
INSERT INTO `question_options` ( `question_id`, `question_title`, `is_correct`, `weight`, `user_id`, `created_at`, `updated_at`, `deleted_at`) VALUES (27, 'Igual que Yo', 0, 0.00, 1, '2025-08-29 15:27:40', '2025-08-29 15:27:54', NULL);
INSERT INTO `question_options` ( `question_id`, `question_title`, `is_correct`, `weight`, `user_id`, `created_at`, `updated_at`, `deleted_at`) VALUES (27, 'Distinto a Mí', 1, 1.00, 1, '2025-08-29 15:27:42', '2025-08-29 16:00:30', NULL);
INSERT INTO `question_options` ( `question_id`, `question_title`, `is_correct`, `weight`, `user_id`, `created_at`, `updated_at`, `deleted_at`) VALUES (28, 'Igual que Yo', 1, 1.00, 1, '2025-08-29 15:27:40', '2025-08-29 16:00:45', NULL);
INSERT INTO `question_options` ( `question_id`, `question_title`, `is_correct`, `weight`, `user_id`, `created_at`, `updated_at`, `deleted_at`) VALUES (28, 'Distinto a Mí', 0, 0.00, 1, '2025-08-29 15:27:42', '2025-08-29 15:28:01', NULL);
INSERT INTO `question_options` ( `question_id`, `question_title`, `is_correct`, `weight`, `user_id`, `created_at`, `updated_at`, `deleted_at`) VALUES (29, 'Igual que Yo', 1, 1.00, 1, '2025-08-29 15:27:40', '2025-08-29 16:00:54', NULL);
INSERT INTO `question_options` ( `question_id`, `question_title`, `is_correct`, `weight`, `user_id`, `created_at`, `updated_at`, `deleted_at`) VALUES (29, 'Distinto a Mí', 0, 0.00, 1, '2025-08-29 15:27:42', '2025-08-29 15:28:01', NULL);
INSERT INTO `question_options` ( `question_id`, `question_title`, `is_correct`, `weight`, `user_id`, `created_at`, `updated_at`, `deleted_at`) VALUES (30, 'Igual que Yo', 1, 1.00, 1, '2025-08-29 15:27:40', '2025-08-29 16:00:59', NULL);
INSERT INTO `question_options` ( `question_id`, `question_title`, `is_correct`, `weight`, `user_id`, `created_at`, `updated_at`, `deleted_at`) VALUES (30, 'Distinto a Mí', 0, 0.00, 1, '2025-08-29 15:27:42', '2025-08-29 15:28:01', NULL);
INSERT INTO `question_options` ( `question_id`, `question_title`, `is_correct`, `weight`, `user_id`, `created_at`, `updated_at`, `deleted_at`) VALUES (31, 'Igual que Yo', 0, 0.00, 1, '2025-08-29 15:27:40', '2025-08-29 15:27:54', NULL);
INSERT INTO `question_options` ( `question_id`, `question_title`, `is_correct`, `weight`, `user_id`, `created_at`, `updated_at`, `deleted_at`) VALUES (31, 'Distinto a Mí', 1, 1.00, 1, '2025-08-29 15:27:42', '2025-08-29 16:01:08', NULL);
INSERT INTO `question_options` ( `question_id`, `question_title`, `is_correct`, `weight`, `user_id`, `created_at`, `updated_at`, `deleted_at`) VALUES (32, 'Igual que Yo', 0, 0.00, 1, '2025-08-29 15:27:40', '2025-08-29 15:27:54', NULL);
INSERT INTO `question_options` ( `question_id`, `question_title`, `is_correct`, `weight`, `user_id`, `created_at`, `updated_at`, `deleted_at`) VALUES (32, 'Distinto a Mí', 1, 1.00, 1, '2025-08-29 15:27:42', '2025-08-29 16:01:16', NULL);
INSERT INTO `question_options` ( `question_id`, `question_title`, `is_correct`, `weight`, `user_id`, `created_at`, `updated_at`, `deleted_at`) VALUES (33, 'Igual que Yo', 0, 0.00, 1, '2025-08-29 15:27:40', '2025-08-29 15:27:54', NULL);
INSERT INTO `question_options` ( `question_id`, `question_title`, `is_correct`, `weight`, `user_id`, `created_at`, `updated_at`, `deleted_at`) VALUES (33, 'Distinto a Mí', 1, 1.00, 1, '2025-08-29 15:27:42', '2025-08-29 16:01:21', NULL);
INSERT INTO `question_options` ( `question_id`, `question_title`, `is_correct`, `weight`, `user_id`, `created_at`, `updated_at`, `deleted_at`) VALUES (34, 'Igual que Yo', 0, 0.00, 1, '2025-08-29 15:27:40', '2025-08-29 15:27:54', NULL);
INSERT INTO `question_options` ( `question_id`, `question_title`, `is_correct`, `weight`, `user_id`, `created_at`, `updated_at`, `deleted_at`) VALUES (34, 'Distinto a Mí', 1, 1.00, 1, '2025-08-29 15:27:42', '2025-08-29 16:01:31', NULL);
INSERT INTO `question_options` ( `question_id`, `question_title`, `is_correct`, `weight`, `user_id`, `created_at`, `updated_at`, `deleted_at`) VALUES (35, 'Igual que Yo', 1, 1.00, 1, '2025-08-29 15:27:40', '2025-08-29 16:01:39', NULL);
INSERT INTO `question_options` ( `question_id`, `question_title`, `is_correct`, `weight`, `user_id`, `created_at`, `updated_at`, `deleted_at`) VALUES (35, 'Distinto a Mí', 0, 0.00, 1, '2025-08-29 15:27:42', '2025-08-29 15:28:01', NULL);
INSERT INTO `question_options` ( `question_id`, `question_title`, `is_correct`, `weight`, `user_id`, `created_at`, `updated_at`, `deleted_at`) VALUES (36, 'Igual que Yo', 1, 1.00, 1, '2025-08-29 15:27:40', '2025-08-29 16:01:43', NULL);
INSERT INTO `question_options` ( `question_id`, `question_title`, `is_correct`, `weight`, `user_id`, `created_at`, `updated_at`, `deleted_at`) VALUES (36, 'Distinto a Mí', 0, 0.00, 1, '2025-08-29 15:27:42', '2025-08-29 15:28:01', NULL);
INSERT INTO `question_options` ( `question_id`, `question_title`, `is_correct`, `weight`, `user_id`, `created_at`, `updated_at`, `deleted_at`) VALUES (37, 'Igual que Yo', 1, 1.00, 1, '2025-08-29 15:27:40', '2025-08-29 16:01:48', NULL);
INSERT INTO `question_options` ( `question_id`, `question_title`, `is_correct`, `weight`, `user_id`, `created_at`, `updated_at`, `deleted_at`) VALUES (37, 'Distinto a Mí', 0, 0.00, 1, '2025-08-29 15:27:42', '2025-08-29 15:28:01', NULL);
INSERT INTO `question_options` ( `question_id`, `question_title`, `is_correct`, `weight`, `user_id`, `created_at`, `updated_at`, `deleted_at`) VALUES (38, 'Igual que Yo', 1, 1.00, 1, '2025-08-29 15:27:40', '2025-08-29 16:01:54', NULL);
INSERT INTO `question_options` ( `question_id`, `question_title`, `is_correct`, `weight`, `user_id`, `created_at`, `updated_at`, `deleted_at`) VALUES (38, 'Distinto a Mí', 0, 0.00, 1, '2025-08-29 15:27:42', '2025-08-29 15:28:01', NULL);
INSERT INTO `question_options` ( `question_id`, `question_title`, `is_correct`, `weight`, `user_id`, `created_at`, `updated_at`, `deleted_at`) VALUES (39, 'Igual que Yo', 0, 0.00, 1, '2025-08-29 15:27:40', '2025-08-29 15:27:54', NULL);
INSERT INTO `question_options` ( `question_id`, `question_title`, `is_correct`, `weight`, `user_id`, `created_at`, `updated_at`, `deleted_at`) VALUES (39, 'Distinto a Mí', 1, 1.00, 1, '2025-08-29 15:27:42', '2025-08-29 16:02:02', NULL);
INSERT INTO `question_options` ( `question_id`, `question_title`, `is_correct`, `weight`, `user_id`, `created_at`, `updated_at`, `deleted_at`) VALUES (40, 'Igual que Yo', 0, 0.00, 1, '2025-08-29 15:27:40', '2025-08-29 15:27:54', NULL);
INSERT INTO `question_options` ( `question_id`, `question_title`, `is_correct`, `weight`, `user_id`, `created_at`, `updated_at`, `deleted_at`) VALUES (40, 'Distinto a Mí', 1, 1.00, 1, '2025-08-29 15:27:42', '2025-08-29 16:02:05', NULL);
INSERT INTO `question_options` ( `question_id`, `question_title`, `is_correct`, `weight`, `user_id`, `created_at`, `updated_at`, `deleted_at`) VALUES (41, 'Igual que Yo', 1, 1.00, 1, '2025-08-29 15:27:40', '2025-08-29 16:02:17', NULL);
INSERT INTO `question_options` ( `question_id`, `question_title`, `is_correct`, `weight`, `user_id`, `created_at`, `updated_at`, `deleted_at`) VALUES (41, 'Distinto a Mí', 0, 0.00, 1, '2025-08-29 15:27:42', '2025-08-29 15:28:01', NULL);
INSERT INTO `question_options` ( `question_id`, `question_title`, `is_correct`, `weight`, `user_id`, `created_at`, `updated_at`, `deleted_at`) VALUES (42, 'Igual que Yo', 1, 1.00, 1, '2025-08-29 15:27:40', '2025-08-29 16:02:25', NULL);
INSERT INTO `question_options` ( `question_id`, `question_title`, `is_correct`, `weight`, `user_id`, `created_at`, `updated_at`, `deleted_at`) VALUES (42, 'Distinto a Mí', 0, 0.00, 1, '2025-08-29 15:27:42', '2025-08-29 15:28:01', NULL);
INSERT INTO `question_options` ( `question_id`, `question_title`, `is_correct`, `weight`, `user_id`, `created_at`, `updated_at`, `deleted_at`) VALUES (43, 'Igual que Yo', 0, 0.00, 1, '2025-08-29 15:27:40', '2025-08-29 15:27:54', NULL);
INSERT INTO `question_options` ( `question_id`, `question_title`, `is_correct`, `weight`, `user_id`, `created_at`, `updated_at`, `deleted_at`) VALUES (43, 'Distinto a Mí', 1, 1.00, 1, '2025-08-29 15:27:42', '2025-08-29 16:02:43', NULL);
INSERT INTO `question_options` ( `question_id`, `question_title`, `is_correct`, `weight`, `user_id`, `created_at`, `updated_at`, `deleted_at`) VALUES (44, 'Igual que Yo', 0, 0.00, 1, '2025-08-29 15:27:40', '2025-08-29 15:27:54', NULL);
INSERT INTO `question_options` ( `question_id`, `question_title`, `is_correct`, `weight`, `user_id`, `created_at`, `updated_at`, `deleted_at`) VALUES (44, 'Distinto a Mí', 1, 1.00, 1, '2025-08-29 15:27:42', '2025-08-29 16:02:47', NULL);
INSERT INTO `question_options` ( `question_id`, `question_title`, `is_correct`, `weight`, `user_id`, `created_at`, `updated_at`, `deleted_at`) VALUES (45, 'Igual que Yo', 1, 1.00, 1, '2025-08-29 15:27:40', '2025-08-29 16:03:11', NULL);
INSERT INTO `question_options` ( `question_id`, `question_title`, `is_correct`, `weight`, `user_id`, `created_at`, `updated_at`, `deleted_at`) VALUES (45, 'Distinto a Mí', 0, 0.00, 1, '2025-08-29 15:27:42', '2025-08-29 16:03:08', NULL);
INSERT INTO `question_options` ( `question_id`, `question_title`, `is_correct`, `weight`, `user_id`, `created_at`, `updated_at`, `deleted_at`) VALUES (46, 'Igual que Yo', 1, 1.00, 1, '2025-08-29 15:27:40', '2025-08-29 16:03:15', NULL);
INSERT INTO `question_options` ( `question_id`, `question_title`, `is_correct`, `weight`, `user_id`, `created_at`, `updated_at`, `deleted_at`) VALUES (46, 'Distinto a Mí', 0, 0.00, 1, '2025-08-29 15:27:42', '2025-08-29 15:28:01', NULL);
INSERT INTO `question_options` ( `question_id`, `question_title`, `is_correct`, `weight`, `user_id`, `created_at`, `updated_at`, `deleted_at`) VALUES (47, 'Igual que Yo', 1, 1.00, 1, '2025-08-29 15:27:40', '2025-08-29 16:03:26', NULL);
INSERT INTO `question_options` ( `question_id`, `question_title`, `is_correct`, `weight`, `user_id`, `created_at`, `updated_at`, `deleted_at`) VALUES (47, 'Distinto a Mí', 0, 0.00, 1, '2025-08-29 15:27:42', '2025-08-29 15:28:01', NULL);
INSERT INTO `question_options` ( `question_id`, `question_title`, `is_correct`, `weight`, `user_id`, `created_at`, `updated_at`, `deleted_at`) VALUES (48, 'Igual que Yo', 1, 1.00, 1, '2025-08-29 15:27:40', '2025-08-29 16:03:34', NULL);
INSERT INTO `question_options` ( `question_id`, `question_title`, `is_correct`, `weight`, `user_id`, `created_at`, `updated_at`, `deleted_at`) VALUES (48, 'Distinto a Mí', 0, 0.00, 1, '2025-08-29 15:27:42', '2025-08-29 15:28:01', NULL);
INSERT INTO `question_options` ( `question_id`, `question_title`, `is_correct`, `weight`, `user_id`, `created_at`, `updated_at`, `deleted_at`) VALUES (49, 'Igual que Yo', 0, 0.00, 1, '2025-08-29 15:27:40', '2025-08-29 15:27:54', NULL);
INSERT INTO `question_options` ( `question_id`, `question_title`, `is_correct`, `weight`, `user_id`, `created_at`, `updated_at`, `deleted_at`) VALUES (49, 'Distinto a Mí', 1, 1.00, 1, '2025-08-29 15:27:42', '2025-08-29 16:03:45', NULL);
INSERT INTO `question_options` ( `question_id`, `question_title`, `is_correct`, `weight`, `user_id`, `created_at`, `updated_at`, `deleted_at`) VALUES (50, 'Igual que Yo', 1, 1.00, 1, '2025-08-29 15:27:40', '2025-08-29 16:03:51', NULL);
INSERT INTO `question_options` ( `question_id`, `question_title`, `is_correct`, `weight`, `user_id`, `created_at`, `updated_at`, `deleted_at`) VALUES (50, 'Distinto a Mí', 0, 0.00, 1, '2025-08-29 15:27:42', '2025-08-29 15:28:01', NULL);
INSERT INTO `question_options` ( `question_id`, `question_title`, `is_correct`, `weight`, `user_id`, `created_at`, `updated_at`, `deleted_at`) VALUES (51, 'Igual que Yo', 1, 1.00, 1, '2025-08-29 15:27:40', '2025-08-29 16:03:57', NULL);
INSERT INTO `question_options` ( `question_id`, `question_title`, `is_correct`, `weight`, `user_id`, `created_at`, `updated_at`, `deleted_at`) VALUES (51, 'Distinto a Mí', 0, 0.00, 1, '2025-08-29 15:27:42', '2025-08-29 15:28:01', NULL);
INSERT INTO `question_options` ( `question_id`, `question_title`, `is_correct`, `weight`, `user_id`, `created_at`, `updated_at`, `deleted_at`) VALUES (52, 'Igual que Yo', 1, 1.00, 1, '2025-08-29 15:27:40', '2025-08-29 16:04:02', NULL);
INSERT INTO `question_options` ( `question_id`, `question_title`, `is_correct`, `weight`, `user_id`, `created_at`, `updated_at`, `deleted_at`) VALUES (52, 'Distinto a Mí', 0, 0.00, 1, '2025-08-29 15:27:42', '2025-08-29 15:28:01', NULL);
INSERT INTO `question_options` ( `question_id`, `question_title`, `is_correct`, `weight`, `user_id`, `created_at`, `updated_at`, `deleted_at`) VALUES (53, 'Igual que Yo', 0, 0.00, 1, '2025-08-29 15:27:40', '2025-08-29 15:27:54', NULL);
INSERT INTO `question_options` ( `question_id`, `question_title`, `is_correct`, `weight`, `user_id`, `created_at`, `updated_at`, `deleted_at`) VALUES (53, 'Distinto a Mí', 1, 1.00, 1, '2025-08-29 15:27:42', '2025-08-29 16:04:16', NULL);
INSERT INTO `question_options` ( `question_id`, `question_title`, `is_correct`, `weight`, `user_id`, `created_at`, `updated_at`, `deleted_at`) VALUES (54, 'Igual que Yo', 1, 1.00, 1, '2025-08-29 15:27:40', '2025-08-29 16:04:30', NULL);
INSERT INTO `question_options` ( `question_id`, `question_title`, `is_correct`, `weight`, `user_id`, `created_at`, `updated_at`, `deleted_at`) VALUES (54, 'Distinto a Mí', 0, 0.00, 1, '2025-08-29 15:27:42', '2025-08-29 15:28:01', NULL);
INSERT INTO `question_options` ( `question_id`, `question_title`, `is_correct`, `weight`, `user_id`, `created_at`, `updated_at`, `deleted_at`) VALUES (55, 'Igual que Yo', 0, 0.00, 1, '2025-08-29 15:27:40', '2025-08-29 15:27:54', NULL);
INSERT INTO `question_options` ( `question_id`, `question_title`, `is_correct`, `weight`, `user_id`, `created_at`, `updated_at`, `deleted_at`) VALUES (55, 'Distinto a Mí', 1, 1.00, 1, '2025-08-29 15:27:42', '2025-08-29 16:04:38', NULL);
INSERT INTO `question_options` ( `question_id`, `question_title`, `is_correct`, `weight`, `user_id`, `created_at`, `updated_at`, `deleted_at`) VALUES (56, 'Igual que Yo', 1, 1.00, 1, '2025-08-29 15:27:40', '2025-08-29 16:04:49', NULL);
INSERT INTO `question_options` ( `question_id`, `question_title`, `is_correct`, `weight`, `user_id`, `created_at`, `updated_at`, `deleted_at`) VALUES (56, 'Distinto a Mí', 0, 0.00, 1, '2025-08-29 15:27:42', '2025-08-29 15:28:01', NULL);
INSERT INTO `question_options` ( `question_id`, `question_title`, `is_correct`, `weight`, `user_id`, `created_at`, `updated_at`, `deleted_at`) VALUES (57, 'Igual que Yo', 0, 0.00, 1, '2025-08-29 15:27:40', '2025-08-29 15:27:54', NULL);
INSERT INTO `question_options` ( `question_id`, `question_title`, `is_correct`, `weight`, `user_id`, `created_at`, `updated_at`, `deleted_at`) VALUES (57, 'Distinto a Mí', 1, 1.00, 1, '2025-08-29 15:27:42', '2025-08-29 16:05:03', NULL);
INSERT INTO `question_options` ( `question_id`, `question_title`, `is_correct`, `weight`, `user_id`, `created_at`, `updated_at`, `deleted_at`) VALUES (58, 'Igual que Yo', 0, 0.00, 1, '2025-08-29 15:27:40', '2025-08-29 15:27:54', NULL);
INSERT INTO `question_options` ( `question_id`, `question_title`, `is_correct`, `weight`, `user_id`, `created_at`, `updated_at`, `deleted_at`) VALUES (58, 'Distinto a Mí', 1, 1.00, 1, '2025-08-29 15:27:42', '2025-08-29 16:05:08', NULL);
INSERT INTO `question_options` ( `question_id`, `question_title`, `is_correct`, `weight`, `user_id`, `created_at`, `updated_at`, `deleted_at`) VALUES (59, 'Igual que Yo', 1, 1.00, 1, '2025-08-29 15:27:40', '2025-08-29 16:05:42', NULL);
INSERT INTO `question_options` ( `question_id`, `question_title`, `is_correct`, `weight`, `user_id`, `created_at`, `updated_at`, `deleted_at`) VALUES (59, 'Igual que Yo', 0, 0.00, 1, '2025-08-29 15:27:40', '2025-08-29 15:27:54', NULL);
INSERT INTO `question_options` ( `question_id`, `question_title`, `is_correct`, `weight`, `user_id`, `created_at`, `updated_at`, `deleted_at`) VALUES (60, 'Igual que Yo', 0, 0.00, 1, '2025-08-29 15:27:40', '2025-08-29 15:27:54', NULL);
INSERT INTO `question_options` ( `question_id`, `question_title`, `is_correct`, `weight`, `user_id`, `created_at`, `updated_at`, `deleted_at`) VALUES (60, 'Distinto a Mí', 1, 1.00, 1, '2025-08-29 15:27:42', '2025-08-29 16:05:52', NULL);
INSERT INTO `question_options` ( `question_id`, `question_title`, `is_correct`, `weight`, `user_id`, `created_at`, `updated_at`, `deleted_at`) VALUES (61, 'Igual que Yo', 0, 0.00, 1, '2025-08-29 15:27:40', '2025-08-29 15:27:54', NULL);
INSERT INTO `question_options` ( `question_id`, `question_title`, `is_correct`, `weight`, `user_id`, `created_at`, `updated_at`, `deleted_at`) VALUES (61, 'Distinto a Mí', 1, 1.00, 1, '2025-08-29 15:27:42', '2025-08-29 16:05:57', NULL);
INSERT INTO `question_options` ( `question_id`, `question_title`, `is_correct`, `weight`, `user_id`, `created_at`, `updated_at`, `deleted_at`) VALUES (62, 'Igual que Yo', 1, 1.00, 1, '2025-08-29 15:27:40', '2025-08-29 16:06:09', NULL);
INSERT INTO `question_options` ( `question_id`, `question_title`, `is_correct`, `weight`, `user_id`, `created_at`, `updated_at`, `deleted_at`) VALUES (62, 'Distinto a Mí', 0, 0.00, 1, '2025-08-29 15:27:42', '2025-08-29 15:28:01', NULL);
INSERT INTO `question_options` ( `question_id`, `question_title`, `is_correct`, `weight`, `user_id`, `created_at`, `updated_at`, `deleted_at`) VALUES (63, 'Igual que Yo', 0, 0.00, 1, '2025-08-29 15:27:40', '2025-08-29 15:27:54', NULL);
INSERT INTO `question_options` ( `question_id`, `question_title`, `is_correct`, `weight`, `user_id`, `created_at`, `updated_at`, `deleted_at`) VALUES (63, 'Distinto a Mí', 1, 1.00, 1, '2025-08-29 15:27:42', '2025-08-29 16:06:23', NULL);
INSERT INTO `question_options` ( `question_id`, `question_title`, `is_correct`, `weight`, `user_id`, `created_at`, `updated_at`, `deleted_at`) VALUES (64, 'Igual que Yo', 0, 0.00, 1, '2025-08-29 15:27:40', '2025-08-29 15:27:54', NULL);
INSERT INTO `question_options` ( `question_id`, `question_title`, `is_correct`, `weight`, `user_id`, `created_at`, `updated_at`, `deleted_at`) VALUES (64, 'Distinto a Mí', 1, 1.00, 1, '2025-08-29 15:27:42', '2025-08-29 16:06:48', NULL);
INSERT INTO `question_options` ( `question_id`, `question_title`, `is_correct`, `weight`, `user_id`, `created_at`, `updated_at`, `deleted_at`) VALUES (65, 'Igual que Yo', 0, 0.00, 1, '2025-08-29 15:27:40', '2025-08-29 15:27:54', NULL);
INSERT INTO `question_options` ( `question_id`, `question_title`, `is_correct`, `weight`, `user_id`, `created_at`, `updated_at`, `deleted_at`) VALUES (65, 'Distinto a Mí', 1, 1.00, 1, '2025-08-29 15:27:42', '2025-08-29 16:06:54', NULL);
INSERT INTO `question_options` ( `question_id`, `question_title`, `is_correct`, `weight`, `user_id`, `created_at`, `updated_at`, `deleted_at`) VALUES (66, 'Igual que Yo', 0, 0.00, 1, '2025-08-29 15:27:40', '2025-08-29 15:27:54', NULL);
INSERT INTO `question_options` ( `question_id`, `question_title`, `is_correct`, `weight`, `user_id`, `created_at`, `updated_at`, `deleted_at`) VALUES (66, 'Distinto a Mí', 1, 1.00, 1, '2025-08-29 15:27:42', '2025-08-29 16:07:03', NULL);
INSERT INTO `question_options` ( `question_id`, `question_title`, `is_correct`, `weight`, `user_id`, `created_at`, `updated_at`, `deleted_at`) VALUES (67, 'Igual que Yo', 1, 1.00, 1, '2025-08-29 15:27:40', '2025-08-29 16:07:09', NULL);
INSERT INTO `question_options` ( `question_id`, `question_title`, `is_correct`, `weight`, `user_id`, `created_at`, `updated_at`, `deleted_at`) VALUES (67, 'Distinto a Mí', 0, 0.00, 1, '2025-08-29 15:27:42', '2025-08-29 15:28:01', NULL);

INSERT INTO `score_norms` ( `category_question_id`, `category_form_id`, `name`, `description`, `min_score`, `max_score`, `html_color`, `invalidation_score`, `user_id`, `created_at`, `updated_at`, `deleted_at`) VALUES ( 1, 1, 'Muy Baja', 'En Ud. predominan los pensamientos y sentimientos negativos, donde la voz acusadora es altamente significativa. Como consecuencia, el alumno está mal consigo mismo y con los demás.', 0, 11, '#FF6B6B', 0, 1, '2025-09-01 20:03:40', '2025-09-01 20:03:40', NULL);
INSERT INTO `score_norms` ( `category_question_id`, `category_form_id`, `name`, `description`, `min_score`, `max_score`, `html_color`, `invalidation_score`, `user_id`, `created_at`, `updated_at`, `deleted_at`) VALUES ( 1, 1, 'Baja', 'Ud. presenta algunos pensamientos negativos, lo cual le genera sufrimiento y rechazo de sí mismo ya que al parecer no se siente contento con sus características.', 12, 14, '#FFB347', 0, 1, '2025-09-01 20:03:40', '2025-09-01 20:03:40', NULL);
INSERT INTO `score_norms` ( `category_question_id`, `category_form_id`, `name`, `description`, `min_score`, `max_score`, `html_color`, `invalidation_score`, `user_id`, `created_at`, `updated_at`, `deleted_at`) VALUES ( 1, 1, 'Normal', 'Si bien, Ud. reconoce y valora positivamente sus rasgos y habilidades, esta valoración depende de su estado de ánimo y de las consecuencias que sus actos han tenido en el ambiente.', 15, 19, '#FFE066', 0, 1, '2025-09-01 20:03:40', '2025-09-01 20:03:40', NULL);
INSERT INTO `score_norms` ( `category_question_id`, `category_form_id`, `name`, `description`, `min_score`, `max_score`, `html_color`, `invalidation_score`, `user_id`, `created_at`, `updated_at`, `deleted_at`) VALUES ( 1, 1, 'Alta', 'En Ud. imperan los pensamientos positivos sobre sus características, habilidades y rasgos. Suele estar contento consigo mismo, lo que redunda en una mejor relación con los demás.', 20, 22, '#95E1A3', 0, 1, '2025-09-01 20:03:40', '2025-09-01 20:06:32', NULL);
INSERT INTO `score_norms` ( `category_question_id`, `category_form_id`, `name`, `description`, `min_score`, `max_score`, `html_color`, `invalidation_score`, `user_id`, `created_at`, `updated_at`, `deleted_at`) VALUES ( 1, 1, 'Muy Alta', 'Ud. está muy contento y satisfecho con sus características físicas y psicológicas. Se siente seguro de tomar decisiones y cumplirlas, de modo que se percibe como una persona que tiene valores y que es aceptado y querido por los demás.', 23, 26, '#6BCF7F', 0, 1, '2025-09-01 20:03:40', '2025-09-01 20:06:50', NULL);
INSERT INTO `score_norms` ( `category_question_id`, `category_form_id`, `name`, `description`, `min_score`, `max_score`, `html_color`, `invalidation_score`, `user_id`, `created_at`, `updated_at`, `deleted_at`) VALUES ( 2, 1, 'Muy Baja', 'Ud. se inhibe y aísla generalmente de los demás. Tiende a evitar el establecimiento de relaciones interpersonales, sintiendo que las otras personas son mejores que él o que tienen más habilidades.', 0, 3, '#FF6B6B', 0, 1, '2025-09-01 21:28:02', '2025-09-01 21:28:02', NULL);
INSERT INTO `score_norms` ( `category_question_id`, `category_form_id`, `name`, `description`, `min_score`, `max_score`, `html_color`, `invalidation_score`, `user_id`, `created_at`, `updated_at`, `deleted_at`) VALUES ( 2, 1, 'Baja', 'Ud. tiende a presentar dificultad para establecer relaciones interpersonales, ya que la presencia de los otros le incomoda, prefiriendo estar solo.', 4, 4, '#FFB347', 0, 1, '2025-09-01 21:29:29', '2025-09-01 21:29:29', NULL);
INSERT INTO `score_norms` ( `category_question_id`, `category_form_id`, `name`, `description`, `min_score`, `max_score`, `html_color`, `invalidation_score`, `user_id`, `created_at`, `updated_at`, `deleted_at`) VALUES ( 2, 1, 'Normal', 'Ud. acepta a los demás, logrando relacionarse con personas desconocidas. Tiende a establecer relaciones de amistad, pero de manera limitada y sólo cuando se siente seguro y aceptado.', 5, 6, '#FFE066', 0, 1, '2025-09-01 21:30:07', '2025-09-01 21:30:07', NULL);
INSERT INTO `score_norms` ( `category_question_id`, `category_form_id`, `name`, `description`, `min_score`, `max_score`, `html_color`, `invalidation_score`, `user_id`, `created_at`, `updated_at`, `deleted_at`) VALUES ( 2, 1, 'Alta', 'Ud. logra relacionarse fácilmente, estableciendo lazos de amistad en forma estable. Se siente aceptado y capaz de influir significativamente en los otros, percibiéndose como querido y escuchado.', 7, 7, '#95E1A3', 0, 1, '2025-09-01 21:30:34', '2025-09-01 21:30:34', NULL);
INSERT INTO `score_norms` ( `category_question_id`, `category_form_id`, `name`, `description`, `min_score`, `max_score`, `html_color`, `invalidation_score`, `user_id`, `created_at`, `updated_at`, `deleted_at`) VALUES ( 2, 1, 'Muy Alta', 'Ud. demuestra mucha facilidad para establecer relaciones, logrando aceptar y ser aceptado por la mayoría de las personas. Se siente seguro de sí mismo, siendo capaz de manifestar sus características de manera espontánea ante grupos desconocidos.', 8, 8, '#6BCF7F', 0, 1, '2025-09-01 21:31:15', '2025-09-01 21:31:15', NULL);
INSERT INTO `score_norms` ( `category_question_id`, `category_form_id`, `name`, `description`, `min_score`, `max_score`, `html_color`, `invalidation_score`, `user_id`, `created_at`, `updated_at`, `deleted_at`) VALUES ( 4, 1, 'Muy Baja', 'Ud. se siente rechazado por sus profesores y muy descontento con el colegio. Siente que su rendimiento es deficitario y que no tiene las habilidades académicas para desenvolverse adecuadamente.', 0, 1, '#FF6B6B', 0, 1, '2025-09-01 21:31:54', '2025-09-01 21:31:54', NULL);
INSERT INTO `score_norms` ( `category_question_id`, `category_form_id`, `name`, `description`, `min_score`, `max_score`, `html_color`, `invalidation_score`, `user_id`, `created_at`, `updated_at`, `deleted_at`) VALUES ( 4, 1, 'Baja', 'Da la impresión de que Ud. no se siente a gusto con su colegio y, aunque se esfuerce, no consigue los resultados académicos que esperaría obtener.', 2, 2, '#FFB347', 0, 1, '2025-09-01 23:09:57', '2025-09-01 23:09:57', NULL);
INSERT INTO `score_norms` ( `category_question_id`, `category_form_id`, `name`, `description`, `min_score`, `max_score`, `html_color`, `invalidation_score`, `user_id`, `created_at`, `updated_at`, `deleted_at`) VALUES ( 4, 1, 'Normal', 'Ud. se siente cómodo en su colegio y con sus profesores. Logra un rendimiento adecuado, que le permite sentirse tranquilo e integrado a su grupo curso.', 3, 5, '#FFE066', 0, 1, '2025-09-01 23:10:31', '2025-09-01 23:10:31', NULL);
INSERT INTO `score_norms` ( `category_question_id`, `category_form_id`, `name`, `description`, `min_score`, `max_score`, `html_color`, `invalidation_score`, `user_id`, `created_at`, `updated_at`, `deleted_at`) VALUES ( 4, 1, 'Alta', 'Ud. se aprecia bien integrado a su colegio, sintiéndose aceptado por sus profesores y compañeros. Logra un muy buen rendimiento académico, percibiendo el ambiente escolar como altamente positivo.', 6, 6, '#95E1A3', 0, 1, '2025-09-01 23:10:56', '2025-09-01 23:10:56', NULL);
INSERT INTO `score_norms` ( `category_question_id`, `category_form_id`, `name`, `description`, `min_score`, `max_score`, `html_color`, `invalidation_score`, `user_id`, `created_at`, `updated_at`, `deleted_at`) VALUES ( 4, 1, 'Muy Alta', 'Ud. se siente muy satisfecho y feliz por los logros académicos alcanzados y confía en sus habilidades y capacidades. Se percibe como un miembro importante de su curso y del colegio en general, de modo que probablemente exista un gran compromiso de su parte.', 7, 8, '#6BCF7F', 0, 1, '2025-09-01 23:11:32', '2025-09-01 23:11:32', NULL);
INSERT INTO `score_norms` ( `category_question_id`, `category_form_id`, `name`, `description`, `min_score`, `max_score`, `html_color`, `invalidation_score`, `user_id`, `created_at`, `updated_at`, `deleted_at`) VALUES ( 3, 1, 'Muy Baja', 'Ud. se siente descontento en su hogar, ya que percibe que es ignorado por sus familiares cercanos. Por otra parte, siente que no puede satisfacer las altas expectativas que le imponen y que por ello no lo aceptan ni lo comprenden.', 0, 2, '#FF6B6B', 0, 1, '2025-09-01 23:12:03', '2025-09-01 23:12:03', NULL);
INSERT INTO `score_norms` ( `category_question_id`, `category_form_id`, `name`, `description`, `min_score`, `max_score`, `html_color`, `invalidation_score`, `user_id`, `created_at`, `updated_at`, `deleted_at`) VALUES ( 3, 1, 'Baja', 'Al parecer las relaciones familiares no le satisfacen, lo que genera distanciamiento y escaso compromiso familiar.', 3, 3, '#FFB347', 0, 1, '2025-09-01 23:12:25', '2025-09-01 23:13:18', NULL);
INSERT INTO `score_norms` ( `category_question_id`, `category_form_id`, `name`, `description`, `min_score`, `max_score`, `html_color`, `invalidation_score`, `user_id`, `created_at`, `updated_at`, `deleted_at`) VALUES ( 3, 1, 'Normal', 'Se observa adecuada adaptación y aceptación por parte de la familia, se siente apoyado y valorado por sus familiares más cercanos.', 4, 5, '#FFE066', 0, 1, '2025-09-02 13:57:48', '2025-09-02 13:57:48', NULL);
INSERT INTO `score_norms` ( `category_question_id`, `category_form_id`, `name`, `description`, `min_score`, `max_score`, `html_color`, `invalidation_score`, `user_id`, `created_at`, `updated_at`, `deleted_at`) VALUES ( 3, 1, 'Alta', 'Muy buen nivel de adaptación e integración al interior del hogar. El alumno se siente satisfecho por ser reconocido y apreciado en su familia lo que redunda en agrado de convivir con ésta', 6, 6, '#95E1A3', 0, 1, '2025-09-02 14:01:39', '2025-09-02 14:01:39', NULL);
INSERT INTO `score_norms` ( `category_question_id`, `category_form_id`, `name`, `description`, `min_score`, `max_score`, `html_color`, `invalidation_score`, `user_id`, `created_at`, `updated_at`, `deleted_at`) VALUES ( 3, 1, 'Muy Alta', 'Ud. se siente comprendido y tomado en cuenta, se reconocen y valoran sus sentimientos y opiniones. La convivencia es muy armónica y placentera lo que genera una alta autoestima personal y mejor desarrollo social.', 7, 8, '#6BCF7F', 0, 1, '2025-09-02 14:02:09', '2025-09-02 14:02:09', NULL);
INSERT INTO `score_norms` ( `category_question_id`, `category_form_id`, `name`, `description`, `min_score`, `max_score`, `html_color`, `invalidation_score`, `user_id`, `created_at`, `updated_at`, `deleted_at`) VALUES ( 5, 1, 'Confiable', 'LasRespuestas realizadas por Ud. Son confiables', 0, 5, '#21BA45', 0, 1, '2025-09-08 20:10:59', '2025-09-08 20:10:59', NULL);
INSERT INTO `score_norms` ( `category_question_id`, `category_form_id`, `name`, `description`, `min_score`, `max_score`, `html_color`, `invalidation_score`, `user_id`, `created_at`, `updated_at`, `deleted_at`) VALUES ( 5, 1, 'No Confiable', 'las respuestas no son confiables, es decir, el alumno puede haber respondido sin comprender las instrucciones claramente, al azar, o bien, intentando proporcionar una imagen de sí mismo que concuerde más con lo que él desearía que sucediera y no en confor', 6, 8, '#E91E63', 6, 1, '2025-09-08 20:18:05', '2025-09-08 20:18:05', NULL);
INSERT INTO `score_norms` ( `category_question_id`, `category_form_id`, `name`, `description`, `min_score`, `max_score`, `html_color`, `invalidation_score`, `user_id`, `created_at`, `updated_at`, `deleted_at`) VALUES ( 6, 1, 'MUY BAJA', 'El alumno percibe que no tiene las habilidades que le permitirían adaptarse al ambiente familiar, escolar y social, por lo tanto imperan sólo pensamientos negativos respecto a su autoeficacia en los distintos ámbitos evaluados.', 0, 21, '#FF6B6B', 0, 1, '2025-09-08 17:22:41', '2025-09-08 17:25:19', NULL);
INSERT INTO `score_norms` ( `category_question_id`, `category_form_id`, `name`, `description`, `min_score`, `max_score`, `html_color`, `invalidation_score`, `user_id`, `created_at`, `updated_at`, `deleted_at`) VALUES ( 6, 1, 'Baja', 'El alumno presenta dificultades para integrarse al ambiente familiar, escolar y social, sintiéndose rechazado, por lo que preferiría el aislamiento.', 22, 25, '#FFB347', 0, 1, '2025-09-08 17:27:44', '2025-09-08 17:28:06', NULL);
INSERT INTO `score_norms` ( `category_question_id`, `category_form_id`, `name`, `description`, `min_score`, `max_score`, `html_color`, `invalidation_score`, `user_id`, `created_at`, `updated_at`, `deleted_at`) VALUES ( 6, 1, 'Normal', 'El alumno se siente conforme por el modo en que es aceptado en los distintos ambientes, demostrando seguridad y eficacia en sus relaciones.', 26, 34, '#FFE066', 0, 1, '2025-09-08 17:28:55', '2025-09-08 17:28:55', NULL);
INSERT INTO `score_norms` ( `category_question_id`, `category_form_id`, `name`, `description`, `min_score`, `max_score`, `html_color`, `invalidation_score`, `user_id`, `created_at`, `updated_at`, `deleted_at`) VALUES ( 6, 1, 'Alta', 'El alumno se percibe muy seguro e integrado en los distintos ambientes, se ve como un miembro activo y altamente significativo para los distintos grupos sociales.', 35, 38, '#95E1A3', 0, 1, '2025-09-08 17:29:44', '2025-09-08 17:29:44', NULL);
INSERT INTO `score_norms` ( `category_question_id`, `category_form_id`, `name`, `description`, `min_score`, `max_score`, `html_color`, `invalidation_score`, `user_id`, `created_at`, `updated_at`, `deleted_at`) VALUES ( 6, 1, 'Muy Alta', 'El alumno se siente muy feliz, satisfecho y querido en los distintos ámbitos analizados. Está conforme con su hogar, escuela y amigos, actuando de manera segura y estable, lo que favorece su desarrollo personal y social.', 39, 58, '#6BCF7F', 0, 1, '2025-09-08 17:30:44', '2025-09-08 17:30:44', NULL);



